{"type": "FeatureCollection", "features": [{"id": "0", "type": "Feature", "properties": {"gid": "COL.12.8_2", "name": "Curuman\u00ed", "label": "Curuman\u00ed", "municipio": "Curuman\u00ed", "departamento": "Cesar", "year": 2021, "predicted_ha": null, "official_ha": null, "ratio": null, "pred_oof_ha": null, "pred_density": null, "official_density": null, "oof_px": 0, "canvas_px": 16349, "oof_share_of_canvas": null, "canvas_share_hint": null, "model_rank": null, "official_rank": null, "in_ranking": false}, "geometry": {"type": "MultiPolygon", "coordinates": [[[[-73.4244, 9.1226], [-73.4415, 9.129199999999997], [-73.4533, 9.1371], [-73.469, 9.131399999999998], [-73.4861, 9.1339], [-73.4873, 9.132599999999998], [-73.5133, 9.131], [-73.5187, 9.128899999999996], [-73.52, 9.1258], [-73.5305, 9.1246], [-73.5343, 9.119199999999998], [-73.5347, 9.116200000000001], [-73.53830000000002, 9.114000000000003], [-73.541, 9.109], [-73.547, 9.109199999999998], [-73.5513, 9.113399999999999], [-73.5553, 9.112899999999998], [-73.5641, 9.1042], [-73.5692, 9.102299999999994], [-73.5748, 9.0977], [-73.5907, 9.097299999999999], [-73.5931, 9.0945], [-73.6038, 9.0911], [-73.6047, 9.086399999999998], [-73.609, 9.083699999999999], [-73.61230000000002, 9.0853], [-73.613, 9.0833], [-73.6155, 9.0831], [-73.6171, 9.0809], [-73.6165, 9.078], [-73.621, 9.0749], [-73.6235, 9.0754], [-73.624, 9.073399999999998], [-73.6258, 9.073499999999997], [-73.6262, 9.0708], [-73.6278, 9.072699999999998], [-73.6328, 9.0696], [-73.6343, 9.0722], [-73.6388, 9.0702], [-73.6407, 9.0732], [-73.6428, 9.072400000000002], [-73.645, 9.075199999999999], [-73.6443, 9.077300000000001], [-73.6477, 9.086399999999998], [-73.6512, 9.086299999999998], [-73.654, 9.0903], [-73.6535, 9.0945], [-73.6515, 9.0961], [-73.6552, 9.0994], [-73.6563, 9.103999999999997], [-73.65450000000001, 9.1066], [-73.6561, 9.1126], [-73.6593, 9.1153], [-73.6595, 9.1222], [-73.6625, 9.122699999999998], [-73.6601, 9.1269], [-73.6622, 9.13], [-73.6587, 9.1349], [-73.6597, 9.137199999999998], [-73.6573, 9.142799999999998], [-73.6601, 9.148800000000001], [-73.6592, 9.150899999999998], [-73.6611, 9.152500000000002], [-73.66, 9.1555], [-73.6649, 9.160600000000002], [-73.664, 9.167599999999998], [-73.667, 9.167899999999996], [-73.6682, 9.170199999999998], [-73.6686, 9.173], [-73.6655, 9.176499999999999], [-73.6713, 9.182099999999998], [-73.6731, 9.1879], [-73.672, 9.188999999999998], [-73.6743, 9.189199999999998], [-73.67660000000001, 9.192200000000001], [-73.6786, 9.192000000000002], [-73.6794, 9.1898], [-73.681, 9.1902], [-73.6807, 9.197400000000002], [-73.6832, 9.198999999999995], [-73.6841, 9.204400000000001], [-73.6861, 9.2061], [-73.6866, 9.2036], [-73.6891, 9.2086], [-73.6931, 9.210300000000002], [-73.6867, 9.210799999999999], [-73.686, 9.213499999999998], [-73.6901, 9.212999999999997], [-73.6958, 9.217099999999999], [-73.694, 9.2264], [-73.6847, 9.2406], [-73.6857, 9.2425], [-73.6889, 9.243100000000002], [-73.6906, 9.2461], [-73.6881, 9.248799999999997], [-73.6889, 9.2531], [-73.6932, 9.254999999999999], [-73.691, 9.2645], [-73.6822, 9.274], [-73.6771, 9.273999999999997], [-73.6725, 9.277099999999999], [-73.6697, 9.274799999999999], [-73.6665, 9.2744], [-73.6669, 9.2761], [-73.6637, 9.2764], [-73.662, 9.274399999999998], [-73.6575, 9.2791], [-73.645, 9.281599999999997], [-73.6428, 9.283899999999997], [-73.6436, 9.285299999999998], [-73.6398, 9.286599999999998], [-73.6393, 9.284299999999998], [-73.6369, 9.2832], [-73.6329, 9.286699999999998], [-73.6293, 9.2781], [-73.628, 9.278899999999998], [-73.6264, 9.278200000000002], [-73.6276, 9.276899999999998], [-73.6214, 9.2746], [-73.618, 9.278699999999999], [-73.6125, 9.2813], [-73.6048, 9.278500000000001], [-73.6014, 9.2814], [-73.6001, 9.2805], [-73.5979, 9.281999999999998], [-73.5939, 9.277599999999996], [-73.5882, 9.277400000000002], [-73.5874, 9.2791], [-73.584, 9.2751], [-73.5807, 9.2778], [-73.57730000000001, 9.2781], [-73.5756, 9.280699999999998], [-73.5774, 9.280999999999999], [-73.5736, 9.2821], [-73.5721, 9.284699999999999], [-73.5692, 9.2837], [-73.5664, 9.2861], [-73.5625, 9.286], [-73.5617, 9.2846], [-73.5615, 9.2859], [-73.5571, 9.2864], [-73.5542, 9.288699999999997], [-73.5541, 9.298], [-73.5489, 9.2998], [-73.5463, 9.3063], [-73.5332, 9.3154], [-73.5316, 9.319900000000002], [-73.5259, 9.3187], [-73.5168, 9.3227], [-73.508, 9.323000000000002], [-73.5064, 9.3214], [-73.5045, 9.322999999999999], [-73.5031, 9.3324], [-73.5008, 9.333599999999999], [-73.4972, 9.3305], [-73.4944, 9.338099999999999], [-73.4897, 9.341000000000001], [-73.4885, 9.348700000000001], [-73.4871, 9.350300000000002], [-73.4843, 9.349199999999998], [-73.4839, 9.3509], [-73.4828, 9.3493], [-73.4795, 9.356799999999996], [-73.4771, 9.3584], [-73.4777, 9.3628], [-73.4728, 9.369200000000001], [-73.4739, 9.3721], [-73.4713, 9.3747], [-73.4716, 9.377699999999999], [-73.4676, 9.376100000000001], [-73.4641, 9.3799], [-73.4649, 9.383799999999999], [-73.4597, 9.385500000000002], [-73.4581, 9.3904], [-73.4593, 9.391800000000002], [-73.4582, 9.3974], [-73.4534, 9.3973], [-73.4432, 9.4038], [-73.4428, 9.407199999999998], [-73.4368, 9.404699999999998], [-73.4308, 9.408800000000001], [-73.4209, 9.411600000000002], [-73.4071, 9.405200000000002], [-73.4006, 9.407699999999998], [-73.3945, 9.4082], [-73.3903, 9.406199999999998], [-73.38450000000002, 9.4083], [-73.3794, 9.4033], [-73.3809, 9.394899999999998], [-73.3721, 9.395600000000002], [-73.3686, 9.3918], [-73.3683, 9.3841], [-73.3722, 9.378099999999996], [-73.3752, 9.376600000000002], [-73.37, 9.3731], [-73.3707, 9.366099999999998], [-73.3692, 9.360499999999998], [-73.362, 9.3595], [-73.3499, 9.350800000000001], [-73.3464, 9.354], [-73.3422, 9.3554], [-73.3328, 9.3527], [-73.3251, 9.347499999999998], [-73.3205, 9.3508], [-73.3178, 9.3501], [-73.3147, 9.3524], [-73.3128, 9.351899999999999], [-73.3083, 9.344800000000001], [-73.2961, 9.343899999999996], [-73.287, 9.338899999999997], [-73.2863, 9.3361], [-73.2804, 9.3365], [-73.2701, 9.3239], [-73.273, 9.3193], [-73.2779, 9.323999999999996], [-73.2826, 9.323], [-73.2885, 9.3139], [-73.2897, 9.302199999999996], [-73.2921, 9.297700000000004], [-73.2913, 9.292899999999998], [-73.2955, 9.2868], [-73.2971, 9.276299999999999], [-73.3156, 9.247400000000003], [-73.3223, 9.2328], [-73.3264, 9.2297], [-73.3283, 9.2231], [-73.3376, 9.216999999999999], [-73.3529, 9.218000000000002], [-73.3567, 9.2156], [-73.359, 9.2056], [-73.3646, 9.198399999999996], [-73.3614, 9.191499999999998], [-73.3657, 9.184299999999999], [-73.3661, 9.1762], [-73.3691, 9.169500000000001], [-73.3709, 9.159799999999997], [-73.3816, 9.153800000000004], [-73.3887, 9.154699999999998], [-73.4017, 9.163199999999998], [-73.4044, 9.163200000000002], [-73.4116, 9.1552], [-73.4154, 9.145699999999998], [-73.4145, 9.1379], [-73.4158, 9.132100000000001], [-73.4236, 9.1257], [-73.4244, 9.1226]]]]}}, {"id": "1", "type": "Feature", "properties": {"gid": "COL.23.9_2", "name": "Convenci\u00f3n", "label": "Convenci\u00f3n", "municipio": "Convenci\u00f3n", "departamento": "NortedeSantander", "year": 2021, "predicted_ha": 1332.1533075130894, "official_ha": 2004.46, "ratio": 0.6645946077811926, "pred_oof_ha": 1166.698205046849, "pred_density": 0.0184893305455375, "official_density": 0.01949887215430653, "oof_px": 1577529, "canvas_px": 1801246, "oof_share_of_canvas": 0.8757987526412272, "canvas_share_hint": 72049.84, "model_rank": 7.0, "official_rank": 6.0, "in_ranking": true}, "geometry": {"type": "MultiPolygon", "coordinates": [[[[-73.3484, 8.393899999999999], [-73.3454, 8.409599999999996], [-73.3382, 8.418400000000002], [-73.3407, 8.424499999999998], [-73.3397, 8.4306], [-73.3438, 8.435799999999997], [-73.3483, 8.437400000000002], [-73.3522, 8.4422], [-73.3583, 8.454000000000002], [-73.3649, 8.4587], [-73.3751, 8.458799999999998], [-73.3828, 8.466999999999999], [-73.3852, 8.465600000000002], [-73.3882, 8.459500000000002], [-73.3919, 8.458100000000002], [-73.3969, 8.458799999999998], [-73.4065, 8.456400000000002], [-73.4144, 8.460699999999996], [-73.4155, 8.468499999999999], [-73.4089, 8.4744], [-73.4125, 8.489399999999998], [-73.40920000000001, 8.493899999999998], [-73.4062, 8.505099999999997], [-73.4012, 8.508399999999996], [-73.405, 8.512500000000001], [-73.4047, 8.5228], [-73.4083, 8.5272], [-73.4061, 8.5359], [-73.4062, 8.545199999999998], [-73.3948, 8.556699999999998], [-73.394, 8.560700000000002], [-73.3909, 8.564399999999997], [-73.3868, 8.566799999999999], [-73.3816, 8.567599999999999], [-73.3757, 8.577200000000001], [-73.3718, 8.5782], [-73.3715, 8.5816], [-73.3686, 8.583099999999998], [-73.368, 8.5892], [-73.3633, 8.589699999999999], [-73.3684, 8.5979], [-73.3702, 8.5985], [-73.3694, 8.6067], [-73.372, 8.6136], [-73.3744, 8.6174], [-73.37740000000001, 8.6192], [-73.3786, 8.6234], [-73.3828, 8.6262], [-73.382, 8.641899999999998], [-73.3796, 8.6465], [-73.3761, 8.6506], [-73.3733, 8.650199999999998], [-73.3738, 8.647800000000002], [-73.3719, 8.646899999999999], [-73.367, 8.648199999999997], [-73.3625, 8.6506], [-73.3601, 8.6551], [-73.3562, 8.6541], [-73.349, 8.6556], [-73.3458, 8.658699999999998], [-73.3399, 8.6557], [-73.33130000000001, 8.659399999999998], [-73.3165, 8.6762], [-73.3069, 8.6811], [-73.3081, 8.683999999999997], [-73.3061, 8.688099999999999], [-73.3079, 8.697199999999999], [-73.3069, 8.7038], [-73.3132, 8.711699999999997], [-73.3103, 8.718300000000001], [-73.3127, 8.725300000000002], [-73.309, 8.729799999999996], [-73.3083, 8.7335], [-73.3055, 8.734999999999998], [-73.3093, 8.742199999999997], [-73.3063, 8.745300000000002], [-73.3076, 8.749999999999998], [-73.3065, 8.753900000000002], [-73.2955, 8.764499999999998], [-73.2987, 8.775700000000002], [-73.2954, 8.779999999999998], [-73.2974, 8.789799999999998], [-73.295, 8.796599999999998], [-73.2997, 8.8025], [-73.3002, 8.8074], [-73.2954, 8.814999999999996], [-73.2979, 8.8268], [-73.291, 8.832899999999999], [-73.279, 8.8321], [-73.2706, 8.835800000000003], [-73.2664, 8.835999999999997], [-73.2619, 8.841599999999998], [-73.2591, 8.841400000000002], [-73.2562, 8.838599999999998], [-73.2524, 8.838599999999996], [-73.2489, 8.841399999999998], [-73.2499, 8.843500000000002], [-73.2475, 8.847699999999998], [-73.2434, 8.847899999999997], [-73.2382, 8.8545], [-73.23720000000002, 8.8673], [-73.23980000000002, 8.8758], [-73.2395, 8.884899999999998], [-73.243, 8.888399999999999], [-73.2422, 8.8941], [-73.245, 8.895199999999999], [-73.246, 8.898500000000002], [-73.2424, 8.8997], [-73.2408, 8.902799999999997], [-73.247, 8.9075], [-73.2459, 8.914599999999998], [-73.2505, 8.918500000000002], [-73.2512, 8.922200000000002], [-73.2578, 8.921499999999995], [-73.2582, 8.923], [-73.2566, 8.9267], [-73.2536, 8.9264], [-73.2517, 8.929400000000001], [-73.2564, 8.937999999999999], [-73.254, 8.9447], [-73.25, 8.9447], [-73.2487, 8.955299999999998], [-73.2438, 8.9581], [-73.2455, 8.9638], [-73.2425, 8.968899999999998], [-73.2429, 8.974099999999998], [-73.2402, 8.9769], [-73.246, 8.9879], [-73.2507, 9.0017], [-73.2511, 9.0073], [-73.2468, 9.0082], [-73.2445, 9.0124], [-73.2454, 9.015899999999997], [-73.2419, 9.017], [-73.2415, 9.019899999999998], [-73.2384, 9.0207], [-73.2377, 9.0233], [-73.2404, 9.026], [-73.2351, 9.0321], [-73.231, 9.041899999999998], [-73.2282, 9.036999999999999], [-73.2251, 9.041099999999997], [-73.2202, 9.040799999999999], [-73.2194, 9.0452], [-73.2172, 9.047000000000002], [-73.2181, 9.051999999999998], [-73.2148, 9.054599999999999], [-73.212, 9.060599999999999], [-73.2076, 9.06], [-73.1958, 9.0645], [-73.1955, 9.0605], [-73.1927, 9.060500000000001], [-73.1903, 9.0742], [-73.1868, 9.073699999999999], [-73.18270000000001, 9.075799999999997], [-73.1849, 9.0777], [-73.1851, 9.080100000000002], [-73.1824, 9.0814], [-73.1785, 9.087299999999999], [-73.1668, 9.091799999999997], [-73.1603, 9.103699999999998], [-73.1541, 9.1068], [-73.1552, 9.1103], [-73.1499, 9.108999999999998], [-73.1455, 9.114600000000001], [-73.1406, 9.1147], [-73.1424, 9.1208], [-73.1336, 9.1167], [-73.1279, 9.118699999999999], [-73.1273, 9.1167], [-73.1219, 9.115900000000002], [-73.1209, 9.117099999999999], [-73.1228, 9.124099999999999], [-73.1194, 9.125399999999999], [-73.1156, 9.1304], [-73.1103, 9.126100000000001], [-73.1074, 9.125999999999998], [-73.0984, 9.131900000000002], [-73.0906, 9.129399999999999], [-73.0829, 9.1366], [-73.0787, 9.1369], [-73.0749, 9.1342], [-73.0712, 9.138599999999999], [-73.0618, 9.138299999999996], [-73.0599, 9.1447], [-73.0547, 9.1502], [-73.0592, 9.153099999999998], [-73.0602, 9.162499999999998], [-73.06650000000002, 9.1681], [-73.0715, 9.169899999999998], [-73.0764, 9.179699999999997], [-73.0717, 9.1854], [-73.074, 9.194200000000002], [-73.073, 9.2026], [-73.0742, 9.2043], [-73.071, 9.209899999999998], [-73.0714, 9.2215], [-73.0666, 9.223499999999998], [-73.0592, 9.2238], [-73.058, 9.2272], [-73.0529, 9.229399999999998], [-73.0455, 9.2384], [-73.03800000000001, 9.236000000000002], [-73.0259, 9.2395], [-73.0243, 9.2426], [-73.0272, 9.247599999999998], [-73.0212, 9.253], [-73.0244, 9.259300000000001], [-73.0226, 9.2635], [-73.0056, 9.276099999999998], [-73.0026, 9.2744], [-72.9964, 9.2746], [-72.9937, 9.270400000000002], [-72.9971, 9.259700000000002], [-72.99250000000002, 9.255399999999998], [-72.9863, 9.2554], [-72.9852, 9.2536], [-72.9889, 9.245499999999998], [-72.9875, 9.2306], [-72.9892, 9.228700000000002], [-72.9954, 9.227199999999998], [-72.9961, 9.222299999999999], [-72.9933, 9.220799999999999], [-72.9852, 9.223599999999998], [-72.9787, 9.2164], [-72.9704, 9.2137], [-72.9689, 9.207599999999996], [-72.96400000000001, 9.200099999999999], [-72.9619, 9.185800000000002], [-72.9557, 9.181], [-72.9581, 9.176199999999998], [-72.9626, 9.173], [-72.9648, 9.1569], [-72.9725, 9.1551], [-72.9864, 9.146], [-72.9908, 9.147099999999998], [-72.9924, 9.1453], [-73.0004, 9.1429], [-73.0031, 9.146500000000003], [-73.0079, 9.1478], [-73.0092, 9.146599999999998], [-73.0056, 9.143499999999998], [-73.0077, 9.141099999999998], [-73.0078, 9.1381], [-73.0102, 9.136599999999998], [-73.0074, 9.134300000000001], [-73.0071, 9.1312], [-73.0135, 9.130200000000002], [-73.0143, 9.1282], [-73.011, 9.126], [-73.0156, 9.122099999999996], [-73.0099, 9.116700000000002], [-73.0067, 9.118], [-73.0048, 9.114099999999999], [-73.0066, 9.112500000000002], [-73.0042, 9.1099], [-73.0065, 9.110799999999998], [-73.0038, 9.102800000000002], [-73.0064, 9.1001], [-73.0029, 9.0977], [-73.0037, 9.0949], [-73.0057, 9.0939], [-73.0053, 9.0884], [-73.0023, 9.085099999999999], [-73.0005, 9.0851], [-73.0002, 9.0827], [-73.0015, 9.080600000000002], [-73.0042, 9.0806], [-73.0017, 9.076000000000002], [-73.0084, 9.070699999999999], [-73.0082, 9.064999999999996], [-73.0115, 9.0632], [-73.0127, 9.0569], [-73.0204, 9.0554], [-73.0246, 9.0599], [-73.0325, 9.059000000000001], [-73.0404, 9.0774], [-73.0449, 9.080300000000001], [-73.0508, 9.0742], [-73.065, 9.0685], [-73.0683, 9.055399999999997], [-73.0749, 9.0553], [-73.0817, 9.053000000000003], [-73.0968, 9.052799999999998], [-73.1034, 9.049500000000002], [-73.1166, 9.0376], [-73.1192, 9.0305], [-73.1189, 9.0258], [-73.1288, 9.0176], [-73.13470000000001, 9.006600000000002], [-73.1343, 8.997999999999998], [-73.1377, 8.9859], [-73.1432, 8.9816], [-73.1438, 8.9784], [-73.146, 8.976899999999999], [-73.1444, 8.9684], [-73.1501, 8.9675], [-73.154, 8.964999999999998], [-73.1542, 8.960700000000001], [-73.1597, 8.9506], [-73.1595, 8.9426], [-73.16130000000001, 8.934400000000002], [-73.1595, 8.9254], [-73.1486, 8.919299999999996], [-73.1471, 8.9127], [-73.1337, 8.9069], [-73.1344, 8.8985], [-73.1497, 8.891199999999998], [-73.1468, 8.878700000000002], [-73.154, 8.8788], [-73.1562, 8.8773], [-73.1546, 8.864699999999996], [-73.1575, 8.857], [-73.1633, 8.8564], [-73.1749, 8.846], [-73.1825, 8.8414], [-73.1906, 8.831499999999997], [-73.196, 8.8218], [-73.2131, 8.8084], [-73.2136, 8.8038], [-73.2117, 8.8], [-73.2141, 8.796], [-73.2154, 8.786899999999997], [-73.2218, 8.7841], [-73.2283, 8.7747], [-73.231, 8.7664], [-73.2343, 8.7632], [-73.2348, 8.759499999999996], [-73.2316, 8.7502], [-73.23330000000001, 8.740500000000003], [-73.2461, 8.7302], [-73.2457, 8.718999999999998], [-73.2487, 8.713500000000002], [-73.2467, 8.7107], [-73.2433, 8.694399999999998], [-73.2442, 8.690899999999997], [-73.2424, 8.687099999999996], [-73.2482, 8.682499999999997], [-73.2503, 8.6746], [-73.2508, 8.6646], [-73.2539, 8.6589], [-73.2738, 8.641299999999998], [-73.2775, 8.631900000000002], [-73.289, 8.6245], [-73.297, 8.6238], [-73.2987, 8.622299999999997], [-73.3047, 8.599399999999996], [-73.3025, 8.591299999999999], [-73.3092, 8.585399999999998], [-73.3159, 8.5657], [-73.3128, 8.561099999999998], [-73.3129, 8.5533], [-73.2953, 8.5431], [-73.2978, 8.5222], [-73.2921, 8.517900000000001], [-73.2954, 8.5099], [-73.29, 8.505299999999997], [-73.2914, 8.499499999999998], [-73.284, 8.486599999999997], [-73.2871, 8.4894], [-73.2935, 8.4884], [-73.2976, 8.4841], [-73.2997, 8.483899999999997], [-73.2995, 8.479800000000001], [-73.3019, 8.482199999999999], [-73.3063, 8.4822], [-73.3077, 8.479999999999999], [-73.3065, 8.477100000000002], [-73.3132, 8.477], [-73.3149, 8.474099999999998], [-73.3135, 8.468800000000002], [-73.3181, 8.466100000000003], [-73.3195, 8.463299999999998], [-73.3186, 8.458300000000001], [-73.3197, 8.457300000000002], [-73.3204, 8.458599999999999], [-73.3225, 8.4545], [-73.3239, 8.454699999999997], [-73.3234, 8.452699999999998], [-73.3255, 8.4529], [-73.3252, 8.4492], [-73.3266, 8.4491], [-73.3258, 8.447899999999999], [-73.3281, 8.442899999999998], [-73.3268, 8.440299999999999], [-73.3295, 8.4383], [-73.3302, 8.433], [-73.3342, 8.431599999999998], [-73.3369, 8.427000000000001], [-73.3364, 8.419099999999997], [-73.3243, 8.412399999999998], [-73.3232, 8.407400000000003], [-73.3262, 8.402199999999999], [-73.3322, 8.396899999999999], [-73.3372, 8.3958], [-73.3373, 8.393199999999998], [-73.3452, 8.3914], [-73.3484, 8.393899999999999]]]]}}, {"id": "2", "type": "Feature", "properties": {"gid": "COL.23.12_2", "name": "ElCarmen", "label": "El Carmen", "municipio": "ElCarmen", "departamento": "NortedeSantander", "year": 2021, "predicted_ha": 240.36281999595613, "official_ha": 887.6, "ratio": 0.2708008337043219, "pred_oof_ha": 194.42244137670872, "pred_density": 0.0046107286998180765, "official_density": 0.0009337360299641724, "oof_px": 1054185, "canvas_px": 1303280, "oof_share_of_canvas": 0.8088706954760297, "canvas_share_hint": 52131.200000000004, "model_rank": 9.0, "official_rank": 8.0, "in_ranking": true}, "geometry": {"type": "MultiPolygon", "coordinates": [[[[-73.4923, 8.421900000000003], [-73.4873, 8.4365], [-73.4734, 8.449900000000001], [-73.4733, 8.460399999999998], [-73.4782, 8.470499999999998], [-73.4863, 8.471099999999998], [-73.4937, 8.4776], [-73.4984, 8.4794], [-73.5173, 8.4824], [-73.52, 8.481400000000002], [-73.523, 8.483600000000001], [-73.5294, 8.478800000000001], [-73.5476, 8.4724], [-73.5511, 8.474399999999997], [-73.5518, 8.4815], [-73.5584, 8.481399999999999], [-73.5628, 8.4915], [-73.5741, 8.4908], [-73.5775, 8.495599999999998], [-73.5804, 8.4968], [-73.5806, 8.499299999999998], [-73.5783, 8.504699999999998], [-73.5727, 8.507999999999997], [-73.5639, 8.506099999999998], [-73.5577, 8.507800000000001], [-73.5524, 8.506300000000001], [-73.554, 8.5076], [-73.5532, 8.5093], [-73.548, 8.513099999999998], [-73.5457, 8.517700000000001], [-73.5439, 8.5172], [-73.5431, 8.5198], [-73.5345, 8.524599999999996], [-73.5317, 8.528299999999998], [-73.5284, 8.529100000000001], [-73.5198, 8.5265], [-73.5164, 8.527], [-73.5153, 8.5296], [-73.5173, 8.532799999999998], [-73.5171, 8.538199999999996], [-73.5228, 8.540099999999999], [-73.5267, 8.548], [-73.5305, 8.551199999999998], [-73.5352, 8.5526], [-73.5388, 8.5609], [-73.5471, 8.5643], [-73.5454, 8.569500000000001], [-73.5474, 8.5829], [-73.5401, 8.591399999999998], [-73.5406, 8.5931], [-73.5469, 8.596399999999997], [-73.5474, 8.606299999999997], [-73.5458, 8.6112], [-73.5474, 8.616199999999997], [-73.5424, 8.6246], [-73.5363, 8.625099999999998], [-73.5339, 8.627999999999998], [-73.52730000000001, 8.631100000000002], [-73.5227, 8.6367], [-73.5197, 8.6451], [-73.522, 8.6573], [-73.5145, 8.662899999999999], [-73.5144, 8.672300000000002], [-73.507, 8.679699999999999], [-73.50780000000002, 8.685000000000002], [-73.5052, 8.686699999999998], [-73.5051, 8.688799999999997], [-73.5029, 8.6897], [-73.5017, 8.688299999999998], [-73.5, 8.690000000000003], [-73.4974, 8.6883], [-73.4922, 8.6932], [-73.4929, 8.695299999999998], [-73.4901, 8.6979], [-73.4901, 8.700499999999998], [-73.48770000000002, 8.701399999999998], [-73.486, 8.6987], [-73.4821, 8.702999999999996], [-73.4772, 8.7025], [-73.4758, 8.705299999999998], [-73.4719, 8.7073], [-73.4736, 8.7164], [-73.4715, 8.726499999999998], [-73.4631, 8.745499999999998], [-73.4573, 8.7507], [-73.4446, 8.755799999999999], [-73.4398, 8.761], [-73.4176, 8.763099999999998], [-73.4132, 8.7678], [-73.4156, 8.7757], [-73.4106, 8.783399999999997], [-73.4167, 8.7865], [-73.4241, 8.7978], [-73.426, 8.8061], [-73.428, 8.8088], [-73.4277, 8.82], [-73.4295, 8.823899999999998], [-73.4314, 8.824700000000002], [-73.4294, 8.835999999999999], [-73.443, 8.847799999999996], [-73.4494, 8.869599999999998], [-73.4487, 8.8711], [-73.4399, 8.869500000000002], [-73.434, 8.8713], [-73.4307, 8.877699999999999], [-73.4309, 8.8817], [-73.4257, 8.901199999999996], [-73.4273, 8.913499999999999], [-73.4318, 8.924399999999997], [-73.4308, 8.9391], [-73.4331, 8.948199999999998], [-73.4321, 8.950999999999997], [-73.4341, 8.9528], [-73.43450000000001, 8.959799999999998], [-73.4376, 8.966399999999998], [-73.4371, 8.9714], [-73.4394, 8.977200000000002], [-73.4378, 8.981399999999997], [-73.4379, 8.993799999999998], [-73.4359, 8.9961], [-73.4366, 8.999100000000002], [-73.4211, 9.0156], [-73.4227, 9.027599999999998], [-73.4172, 9.030299999999999], [-73.4178, 9.044400000000001], [-73.4168, 9.0485], [-73.4118, 9.0527], [-73.41630000000002, 9.059999999999999], [-73.4147, 9.0721], [-73.4168, 9.0885], [-73.4214, 9.095399999999998], [-73.4276, 9.0993], [-73.4286, 9.103000000000002], [-73.4269, 9.115999999999998], [-73.4236, 9.1257], [-73.4158, 9.132100000000001], [-73.4145, 9.1379], [-73.4154, 9.145699999999998], [-73.4116, 9.1552], [-73.4034, 9.163599999999997], [-73.3879, 9.1545], [-73.3798, 9.1541], [-73.3709, 9.159799999999997], [-73.3691, 9.169500000000001], [-73.3661, 9.1762], [-73.3657, 9.184299999999999], [-73.3614, 9.191499999999998], [-73.3643, 9.1993], [-73.359, 9.2056], [-73.3567, 9.2156], [-73.3529, 9.218000000000002], [-73.347, 9.211600000000002], [-73.3464, 9.2068], [-73.3497, 9.2002], [-73.3511, 9.188400000000001], [-73.3479, 9.185400000000001], [-73.3472, 9.1738], [-73.3428, 9.1721], [-73.3413, 9.1741], [-73.3381, 9.1743], [-73.33, 9.170099999999998], [-73.3211, 9.171200000000002], [-73.3166, 9.168299999999999], [-73.3142, 9.1704], [-73.3029, 9.1721], [-73.2951, 9.1687], [-73.2903, 9.168399999999998], [-73.2812, 9.162099999999999], [-73.2793, 9.1634], [-73.2773, 9.1621], [-73.2753, 9.1659], [-73.274, 9.164499999999999], [-73.2666, 9.165], [-73.2626, 9.161900000000001], [-73.2568, 9.1634], [-73.2552, 9.161100000000001], [-73.2525, 9.164099999999996], [-73.2525, 9.1603], [-73.2504, 9.1588], [-73.2433, 9.167300000000001], [-73.2416, 9.165700000000001], [-73.2393, 9.1662], [-73.2395, 9.167999999999997], [-73.23460000000001, 9.174100000000001], [-73.2286, 9.176599999999999], [-73.2247, 9.1759], [-73.2226, 9.1797], [-73.2199, 9.179499999999999], [-73.219, 9.1811], [-73.2146, 9.180799999999998], [-73.2136, 9.1844], [-73.2096, 9.181], [-73.2091, 9.1786], [-73.2065, 9.1795], [-73.20670000000001, 9.181999999999999], [-73.2041, 9.180499999999999], [-73.2044, 9.1781], [-73.2025, 9.1809], [-73.2011, 9.179199999999998], [-73.1957, 9.178299999999997], [-73.1931, 9.175199999999998], [-73.1884, 9.176899999999996], [-73.1848, 9.176099999999998], [-73.1809, 9.177899999999998], [-73.1769, 9.177599999999996], [-73.1721, 9.180700000000002], [-73.1719, 9.1837], [-73.1688, 9.1852], [-73.1681, 9.187499999999998], [-73.1664, 9.1871], [-73.1624, 9.193099999999998], [-73.1575, 9.1923], [-73.1585, 9.1953], [-73.1499, 9.201100000000002], [-73.1526, 9.205300000000001], [-73.1529, 9.2111], [-73.1482, 9.210099999999999], [-73.1472, 9.2127], [-73.1445, 9.212000000000002], [-73.1441, 9.2142], [-73.1415, 9.2136], [-73.1399, 9.2165], [-73.1373, 9.215599999999998], [-73.1358, 9.2185], [-73.1324, 9.22], [-73.1332, 9.2237], [-73.1296, 9.225899999999998], [-73.1314, 9.227199999999998], [-73.1311, 9.229200000000002], [-73.1228, 9.227800000000002], [-73.117, 9.2322], [-73.1137, 9.229500000000002], [-73.1086, 9.228899999999998], [-73.105, 9.231800000000002], [-73.0992, 9.227199999999996], [-73.0897, 9.226200000000002], [-73.088, 9.227599999999997], [-73.0883, 9.231000000000002], [-73.0859, 9.236599999999997], [-73.0819, 9.241099999999998], [-73.0787, 9.2397], [-73.0733, 9.243299999999996], [-73.0735, 9.245199999999999], [-73.0771, 9.2471], [-73.0775, 9.251399999999999], [-73.0762, 9.2576], [-73.0717, 9.264699999999998], [-73.0698, 9.2649], [-73.0641, 9.259999999999998], [-73.063, 9.263700000000002], [-73.0573, 9.263699999999998], [-73.0516, 9.258999999999999], [-73.0462, 9.2634], [-73.0431, 9.2629], [-73.0442, 9.2699], [-73.0407, 9.2709], [-73.0368, 9.281900000000002], [-73.0321, 9.284599999999998], [-73.0314, 9.2867], [-73.0289, 9.281699999999999], [-73.0265, 9.2809], [-73.0252, 9.286599999999998], [-73.0129, 9.290399999999998], [-73.0113, 9.292199999999996], [-73.0072, 9.291100000000002], [-73.0032, 9.2865], [-73.0056, 9.276099999999998], [-73.024, 9.261800000000001], [-73.0241, 9.2583], [-73.0212, 9.253], [-73.0272, 9.247599999999998], [-73.0243, 9.2426], [-73.0248, 9.240599999999999], [-73.0298, 9.237400000000001], [-73.03800000000001, 9.236000000000002], [-73.0455, 9.2384], [-73.0529, 9.229399999999998], [-73.058, 9.2272], [-73.0592, 9.2238], [-73.0666, 9.223499999999998], [-73.0714, 9.2215], [-73.071, 9.209899999999998], [-73.0742, 9.2043], [-73.073, 9.2026], [-73.074, 9.194200000000002], [-73.0717, 9.1854], [-73.0764, 9.179699999999997], [-73.0715, 9.169899999999998], [-73.06650000000002, 9.1681], [-73.0602, 9.162499999999998], [-73.0592, 9.153099999999998], [-73.0547, 9.1502], [-73.0599, 9.1447], [-73.0618, 9.138299999999996], [-73.0712, 9.138599999999999], [-73.0749, 9.1342], [-73.0787, 9.1369], [-73.0829, 9.1366], [-73.0906, 9.129399999999999], [-73.0984, 9.131900000000002], [-73.1074, 9.125999999999998], [-73.1103, 9.126100000000001], [-73.1156, 9.1304], [-73.1194, 9.125399999999999], [-73.1228, 9.124099999999999], [-73.1209, 9.117099999999999], [-73.1219, 9.115900000000002], [-73.1273, 9.1167], [-73.1279, 9.118699999999999], [-73.1336, 9.1167], [-73.1424, 9.1208], [-73.1406, 9.1147], [-73.1455, 9.114600000000001], [-73.1499, 9.108999999999998], [-73.1552, 9.1103], [-73.1541, 9.1068], [-73.1603, 9.103699999999998], [-73.1668, 9.091799999999997], [-73.1785, 9.087299999999999], [-73.1824, 9.0814], [-73.1851, 9.080100000000002], [-73.1849, 9.0777], [-73.18270000000001, 9.075799999999997], [-73.1868, 9.073699999999999], [-73.1903, 9.0742], [-73.1927, 9.060500000000001], [-73.1955, 9.0605], [-73.1958, 9.0645], [-73.2076, 9.06], [-73.212, 9.060599999999999], [-73.2148, 9.054599999999999], [-73.2181, 9.051999999999998], [-73.2172, 9.047000000000002], [-73.2194, 9.0452], [-73.2202, 9.040799999999999], [-73.2251, 9.041099999999997], [-73.2282, 9.036999999999999], [-73.231, 9.041899999999998], [-73.2351, 9.0321], [-73.2404, 9.026], [-73.2377, 9.0233], [-73.2384, 9.0207], [-73.2415, 9.019899999999998], [-73.2419, 9.017], [-73.2454, 9.015899999999997], [-73.2445, 9.0124], [-73.2468, 9.0082], [-73.2511, 9.0073], [-73.2507, 9.0017], [-73.246, 8.9879], [-73.2402, 8.9769], [-73.2429, 8.974099999999998], [-73.2425, 8.968899999999998], [-73.2455, 8.9638], [-73.2438, 8.9581], [-73.2487, 8.955299999999998], [-73.25, 8.9447], [-73.254, 8.9447], [-73.2564, 8.937999999999999], [-73.2517, 8.929400000000001], [-73.2536, 8.9264], [-73.2566, 8.9267], [-73.2582, 8.923], [-73.2578, 8.921499999999995], [-73.2512, 8.922200000000002], [-73.2505, 8.918500000000002], [-73.2459, 8.914599999999998], [-73.247, 8.9075], [-73.2408, 8.902799999999997], [-73.2424, 8.8997], [-73.246, 8.898500000000002], [-73.245, 8.895199999999999], [-73.2422, 8.8941], [-73.243, 8.888399999999999], [-73.2395, 8.884899999999998], [-73.23980000000002, 8.8758], [-73.23720000000002, 8.8673], [-73.2382, 8.8545], [-73.2434, 8.847899999999997], [-73.2475, 8.847699999999998], [-73.2499, 8.843500000000002], [-73.2489, 8.841399999999998], [-73.2524, 8.838599999999996], [-73.2562, 8.838599999999998], [-73.2591, 8.841400000000002], [-73.2619, 8.841599999999998], [-73.2664, 8.835999999999997], [-73.2706, 8.835800000000003], [-73.279, 8.8321], [-73.291, 8.832899999999999], [-73.2979, 8.8268], [-73.2954, 8.814999999999996], [-73.3002, 8.8074], [-73.2997, 8.8025], [-73.295, 8.796599999999998], [-73.2974, 8.789799999999998], [-73.2954, 8.779999999999998], [-73.2987, 8.775700000000002], [-73.2955, 8.764499999999998], [-73.3065, 8.753900000000002], [-73.3076, 8.749999999999998], [-73.3063, 8.745300000000002], [-73.3093, 8.742199999999997], [-73.3055, 8.734999999999998], [-73.3083, 8.7335], [-73.309, 8.729799999999996], [-73.3127, 8.725300000000002], [-73.3103, 8.718300000000001], [-73.3132, 8.711699999999997], [-73.3069, 8.7038], [-73.3079, 8.697199999999999], [-73.3061, 8.688099999999999], [-73.3081, 8.683999999999997], [-73.3069, 8.6811], [-73.3165, 8.6762], [-73.33130000000001, 8.659399999999998], [-73.3399, 8.6557], [-73.3458, 8.658699999999998], [-73.349, 8.6556], [-73.3562, 8.6541], [-73.3601, 8.6551], [-73.3625, 8.6506], [-73.3713, 8.646899999999999], [-73.3737, 8.647699999999999], [-73.3736, 8.650400000000001], [-73.3763, 8.6506], [-73.3819, 8.6423], [-73.3828, 8.6262], [-73.3786, 8.6234], [-73.37740000000001, 8.6192], [-73.3744, 8.6174], [-73.372, 8.6136], [-73.3694, 8.6067], [-73.3702, 8.5985], [-73.3684, 8.5979], [-73.3633, 8.589699999999999], [-73.368, 8.5892], [-73.3686, 8.583099999999998], [-73.3715, 8.5816], [-73.3718, 8.5782], [-73.3757, 8.577200000000001], [-73.3816, 8.567599999999999], [-73.3868, 8.566799999999999], [-73.3909, 8.564399999999997], [-73.394, 8.560700000000002], [-73.3948, 8.556699999999998], [-73.4061, 8.5455], [-73.4061, 8.5359], [-73.4083, 8.5272], [-73.4047, 8.5228], [-73.405, 8.512500000000001], [-73.4012, 8.508399999999996], [-73.4062, 8.505099999999997], [-73.40920000000001, 8.493899999999998], [-73.4119, 8.4913], [-73.41240000000002, 8.4867], [-73.4089, 8.4744], [-73.4155, 8.468499999999999], [-73.41370000000002, 8.458599999999997], [-73.4152, 8.453], [-73.4146, 8.442299999999996], [-73.4108, 8.4334], [-73.4112, 8.4284], [-73.4167, 8.422399999999998], [-73.4198, 8.4241], [-73.4262, 8.4243], [-73.4405, 8.4215], [-73.4476, 8.424], [-73.4542, 8.417599999999998], [-73.4552, 8.414300000000003], [-73.46, 8.4123], [-73.4625, 8.4049], [-73.469, 8.4025], [-73.4721, 8.406099999999999], [-73.4745, 8.4065], [-73.4772, 8.4111], [-73.4746, 8.420900000000001], [-73.4772, 8.4269], [-73.4923, 8.421900000000003]]]]}}, {"id": "3", "type": "Feature", "properties": {"gid": "COL.23.13_2", "name": "ElTarra", "label": "El Tarra", "municipio": "ElTarra", "departamento": "NortedeSantander", "year": 2021, "predicted_ha": 6933.1443186697, "official_ha": 6248.08, "ratio": 1.1096439736158468, "pred_oof_ha": 4268.567224888224, "pred_density": 0.10707029642812554, "official_density": 0.09314638705815384, "oof_px": 996674, "canvas_px": 1618830, "oof_share_of_canvas": 0.6156755187388423, "canvas_share_hint": 64753.200000000004, "model_rank": 1.0, "official_rank": 1.0, "in_ranking": true}, "geometry": {"type": "MultiPolygon", "coordinates": [[[[-73.1576, 8.572500000000002], [-73.161, 8.574999999999998], [-73.1579, 8.5782], [-73.1579, 8.5844], [-73.1612, 8.585500000000001], [-73.1616, 8.5875], [-73.1584, 8.5913], [-73.15870000000001, 8.596099999999998], [-73.157, 8.6001], [-73.1604, 8.599899999999998], [-73.1621, 8.603800000000001], [-73.1642, 8.6033], [-73.1653, 8.607099999999999], [-73.1634, 8.607799999999997], [-73.1626, 8.6124], [-73.1664, 8.6171], [-73.1637, 8.622399999999997], [-73.1558, 8.631299999999996], [-73.1532, 8.652799999999997], [-73.1489, 8.6584], [-73.1501, 8.6645], [-73.1476, 8.6743], [-73.1434, 8.676499999999999], [-73.1356, 8.686800000000002], [-73.1306, 8.690000000000001], [-73.1279, 8.6949], [-73.12, 8.696099999999996], [-73.1197, 8.699800000000002], [-73.1106, 8.708299999999998], [-73.1082, 8.713], [-73.1037, 8.7138], [-73.1021, 8.716899999999999], [-73.0975, 8.719700000000001], [-73.0997, 8.725499999999998], [-73.0984, 8.7267], [-73.0992, 8.7385], [-73.0972, 8.7406], [-73.0976, 8.745400000000002], [-73.0928, 8.756500000000003], [-73.0812, 8.7597], [-73.076, 8.754800000000001], [-73.07, 8.7529], [-73.0686, 8.7554], [-73.0698, 8.762000000000002], [-73.0604, 8.766499999999999], [-73.0565, 8.764900000000004], [-73.0515, 8.773300000000003], [-73.0512, 8.778199999999998], [-73.0542, 8.788], [-73.052, 8.802599999999998], [-73.0474, 8.812199999999997], [-73.0537, 8.8259], [-73.0551, 8.8362], [-73.0612, 8.8403], [-73.06520000000002, 8.8454], [-73.0667, 8.854000000000001], [-73.0634, 8.864299999999998], [-73.0591, 8.867900000000002], [-73.0553, 8.8645], [-73.0443, 8.8661], [-73.0268, 8.8756], [-73.0223, 8.874399999999998], [-73.0214, 8.877399999999998], [-73.0176, 8.876500000000002], [-73.0106, 8.8793], [-73.0029, 8.888399999999999], [-73.0015, 8.884799999999998], [-72.9992, 8.884400000000001], [-72.9935, 8.879000000000001], [-72.9902, 8.8828], [-72.9869, 8.880599999999998], [-72.985, 8.8821], [-72.9716, 8.8835], [-72.9703, 8.8891], [-72.9692, 8.885], [-72.97110000000002, 8.8776], [-72.9697, 8.872100000000001], [-72.9746, 8.864], [-72.9754, 8.858500000000001], [-72.9716, 8.858099999999997], [-72.9671, 8.863599999999998], [-72.9664, 8.8557], [-72.9635, 8.8531], [-72.9534, 8.852], [-72.9511, 8.8498], [-72.9496, 8.8427], [-72.9471, 8.8387], [-72.9531, 8.827699999999998], [-72.9639, 8.815], [-72.9656, 8.8101], [-72.9531, 8.802999999999999], [-72.9514, 8.7961], [-72.9449, 8.7935], [-72.9427, 8.7892], [-72.9437, 8.783700000000001], [-72.9523, 8.7854], [-72.9549, 8.7838], [-72.9599, 8.763999999999998], [-72.9547, 8.754999999999999], [-72.946, 8.7565], [-72.9431, 8.7589], [-72.9412, 8.7583], [-72.9404, 8.736199999999998], [-72.9263, 8.728700000000002], [-72.91660000000002, 8.711899999999998], [-72.9197, 8.706599999999995], [-72.915, 8.703700000000001], [-72.9207, 8.702699999999997], [-72.9202, 8.6957], [-72.9217, 8.692700000000002], [-72.9172, 8.6908], [-72.9157, 8.6916], [-72.9165, 8.6933], [-72.9144, 8.693399999999999], [-72.91530000000002, 8.689499999999999], [-72.9139, 8.687999999999999], [-72.9184, 8.6859], [-72.9234, 8.691299999999998], [-72.925, 8.686800000000002], [-72.9229, 8.680100000000001], [-72.9183, 8.678199999999999], [-72.9202, 8.6749], [-72.9187, 8.6689], [-72.917, 8.6702], [-72.9159, 8.667399999999999], [-72.911, 8.666499999999997], [-72.9141, 8.661699999999998], [-72.9182, 8.6614], [-72.9178, 8.656899999999998], [-72.9145, 8.6575], [-72.9176, 8.653999999999998], [-72.9175, 8.647999999999998], [-72.9145, 8.6491], [-72.9133, 8.645400000000002], [-72.9114, 8.644399999999997], [-72.9167, 8.6401], [-72.9137, 8.640599999999997], [-72.9088, 8.6377], [-72.9149, 8.6352], [-72.9129, 8.633999999999999], [-72.9141, 8.631900000000002], [-72.9123, 8.6255], [-72.91, 8.6258], [-72.9118, 8.6226], [-72.9076, 8.6156], [-72.9086, 8.610299999999999], [-72.9056, 8.610299999999999], [-72.9098, 8.603399999999999], [-72.9055, 8.601499999999998], [-72.9119, 8.588300000000002], [-72.9161, 8.583299999999996], [-72.929, 8.577800000000003], [-72.9321, 8.577800000000002], [-72.9379, 8.573999999999998], [-72.9412, 8.577099999999998], [-72.947, 8.578899999999999], [-72.9494, 8.582900000000002], [-72.9524, 8.582900000000002], [-72.9535, 8.586299999999998], [-72.9577, 8.5873], [-72.9663, 8.586199999999998], [-72.9721, 8.5822], [-72.9784, 8.582199999999998], [-72.98990000000002, 8.578999999999999], [-73.0162, 8.5584], [-73.019, 8.5463], [-73.0325, 8.549300000000002], [-73.0507, 8.5584], [-73.054, 8.557300000000001], [-73.0557, 8.5593], [-73.05680000000001, 8.5566], [-73.0593, 8.556099999999999], [-73.0589, 8.5609], [-73.0617, 8.565400000000002], [-73.0604, 8.5703], [-73.0671, 8.575000000000003], [-73.0702, 8.573699999999999], [-73.0714, 8.5758], [-73.0743, 8.5758], [-73.0758, 8.578399999999998], [-73.0789, 8.578], [-73.0795, 8.580199999999998], [-73.0776, 8.5851], [-73.0812, 8.588100000000003], [-73.0854, 8.5864], [-73.0917, 8.5779], [-73.0912, 8.5693], [-73.0938, 8.5616], [-73.096, 8.5607], [-73.1042, 8.5633], [-73.1045, 8.5607], [-73.10810000000001, 8.5598], [-73.1065, 8.558100000000001], [-73.1072, 8.556999999999999], [-73.1106, 8.558599999999998], [-73.1147, 8.5565], [-73.117, 8.5574], [-73.1199, 8.552599999999998], [-73.1238, 8.5509], [-73.1312, 8.5541], [-73.1388, 8.555000000000001], [-73.1412, 8.553599999999998], [-73.1439, 8.555000000000001], [-73.1464, 8.553899999999999], [-73.1515, 8.5554], [-73.15610000000001, 8.561099999999998], [-73.1586, 8.560799999999997], [-73.1571, 8.562399999999997], [-73.1586, 8.564600000000002], [-73.1576, 8.572500000000002]]]]}}, {"id": "4", "type": "Feature", "properties": {"gid": "COL.23.16_2", "name": "Hacar\u00ed", "label": "Hacar\u00ed", "municipio": "Hacar\u00ed", "departamento": "NortedeSantander", "year": 2021, "predicted_ha": 1194.195467638511, "official_ha": 531.94, "ratio": 2.2449815160328437, "pred_oof_ha": 1002.6956747712869, "pred_density": 0.03217488925562917, "official_density": 0.013103979115042875, "oof_px": 779098, "canvas_px": 927894, "oof_share_of_canvas": 0.839641165909037, "canvas_share_hint": 37115.76, "model_rank": 4.0, "official_rank": 7.0, "in_ranking": true}, "geometry": {"type": "MultiPolygon", "coordinates": [[[[-72.99, 8.2846], [-72.9923, 8.2839], [-72.9954, 8.286], [-73.0025, 8.284], [-73.0077, 8.285799999999998], [-73.0121, 8.2844], [-73.0189, 8.2862], [-73.0209, 8.2846], [-73.0207, 8.2817], [-73.0241, 8.2815], [-73.0251, 8.2786], [-73.0301, 8.276500000000002], [-73.0331, 8.2793], [-73.0355, 8.2778], [-73.0393, 8.2804], [-73.0442, 8.278300000000002], [-73.049, 8.281100000000002], [-73.051, 8.2847], [-73.0536, 8.284499999999998], [-73.0552, 8.2873], [-73.0611, 8.2835], [-73.0735, 8.281499999999998], [-73.0807, 8.2783], [-73.0824, 8.275599999999997], [-73.0836, 8.2768], [-73.0889, 8.272400000000001], [-73.0882, 8.266899999999998], [-73.0897, 8.264399999999998], [-73.0893, 8.2596], [-73.0911, 8.258699999999997], [-73.0913, 8.2526], [-73.0965, 8.2483], [-73.0987, 8.243999999999998], [-73.1123, 8.243], [-73.1197, 8.2462], [-73.1253, 8.246599999999997], [-73.137, 8.255000000000003], [-73.1398, 8.2596], [-73.1429, 8.258], [-73.1458, 8.2588], [-73.1496, 8.2638], [-73.155, 8.264899999999997], [-73.15610000000001, 8.275799999999998], [-73.1529, 8.2838], [-73.1553, 8.2858], [-73.1551, 8.2962], [-73.1605, 8.299999999999997], [-73.1624, 8.2947], [-73.1721, 8.295999999999998], [-73.1756, 8.298399999999997], [-73.1789, 8.3055], [-73.1837, 8.306799999999999], [-73.1825, 8.3118], [-73.181, 8.311], [-73.1811, 8.3127], [-73.1774, 8.312999999999999], [-73.1761, 8.315499999999998], [-73.1705, 8.313900000000002], [-73.1708, 8.315299999999999], [-73.1673, 8.317200000000001], [-73.1831, 8.329600000000001], [-73.1793, 8.3338], [-73.181, 8.341], [-73.1797, 8.350299999999999], [-73.1858, 8.361099999999999], [-73.1859, 8.369700000000002], [-73.1791, 8.374699999999999], [-73.1783, 8.378099999999998], [-73.1733, 8.384600000000004], [-73.1755, 8.3911], [-73.1759, 8.399], [-73.1776, 8.4012], [-73.1776, 8.4102], [-73.1838, 8.413299999999998], [-73.1818, 8.412899999999999], [-73.1805, 8.414599999999997], [-73.1731, 8.4165], [-73.17, 8.4262], [-73.16190000000002, 8.435500000000001], [-73.1558, 8.4338], [-73.1521, 8.4358], [-73.1441, 8.4334], [-73.1369, 8.4358], [-73.132, 8.4347], [-73.1324, 8.431699999999998], [-73.1305, 8.432299999999996], [-73.1277, 8.427599999999998], [-73.1236, 8.4287], [-73.1168, 8.422800000000002], [-73.1147, 8.4242], [-73.1136, 8.4226], [-73.111, 8.4244], [-73.1069, 8.421199999999999], [-73.0966, 8.4222], [-73.0947, 8.425700000000003], [-73.095, 8.429], [-73.0901, 8.4352], [-73.0891, 8.445899999999998], [-73.0865, 8.448999999999998], [-73.0849, 8.456], [-73.0789, 8.4578], [-73.0762, 8.460999999999999], [-73.0747, 8.4663], [-73.0619, 8.474700000000002], [-73.0601, 8.4809], [-73.0509, 8.4867], [-73.0493, 8.492899999999999], [-73.0422, 8.489200000000002], [-73.0393, 8.4848], [-73.031, 8.4834], [-73.0286, 8.48], [-73.0183, 8.473599999999998], [-73.0135, 8.4672], [-73.0132, 8.457599999999998], [-73.0109, 8.4519], [-73.0034, 8.4466], [-73.0029, 8.444499999999998], [-72.9885, 8.437799999999998], [-72.9849, 8.4253], [-72.9777, 8.415299999999998], [-72.9735, 8.416899999999998], [-72.973, 8.4157], [-72.9735, 8.412899999999997], [-72.9769, 8.4098], [-72.9829, 8.412100000000002], [-72.987, 8.411800000000001], [-72.9903, 8.405099999999997], [-72.9882, 8.3985], [-72.9921, 8.394899999999998], [-72.9943, 8.3898], [-72.9911, 8.3751], [-72.9803, 8.364099999999999], [-72.9825, 8.360899999999999], [-72.9836, 8.352100000000002], [-72.9792, 8.3419], [-72.9735, 8.335099999999999], [-72.9714, 8.327200000000003], [-72.9751, 8.3216], [-72.9803, 8.321399999999997], [-72.9806, 8.3163], [-72.9827, 8.312899999999999], [-72.9751, 8.300999999999998], [-72.9753, 8.298399999999999], [-72.9778, 8.296499999999998], [-72.9823, 8.2972], [-72.9871, 8.292199999999998], [-72.99, 8.2846]]]]}}, {"id": "5", "type": "Feature", "properties": {"gid": "COL.23.19_2", "name": "LaPlayadeBel\u00e9n", "label": "La Playa de Bel\u00e9n", "municipio": "LaPlayadeBel\u00e9n", "departamento": "NortedeSantander", "year": 2021, "predicted_ha": null, "official_ha": null, "ratio": null, "pred_oof_ha": null, "pred_density": null, "official_density": null, "oof_px": 0, "canvas_px": 125042, "oof_share_of_canvas": null, "canvas_share_hint": null, "model_rank": null, "official_rank": null, "in_ranking": false}, "geometry": {"type": "MultiPolygon", "coordinates": [[[[-73.0552, 8.2873], [-73.055, 8.2844], [-73.05810000000001, 8.283099999999997], [-73.05940000000001, 8.273500000000002], [-73.0553, 8.268699999999999], [-73.0561, 8.2651], [-73.0544, 8.264100000000001], [-73.0542, 8.259100000000002], [-73.0517, 8.2569], [-73.0513, 8.252299999999998], [-73.0493, 8.2496], [-73.0501, 8.2485], [-73.0483, 8.2435], [-73.0531, 8.241], [-73.0516, 8.238500000000002], [-73.0534, 8.237200000000001], [-73.0513, 8.2367], [-73.0517, 8.234599999999999], [-73.0482, 8.2301], [-73.0534, 8.2289], [-73.0557, 8.222999999999999], [-73.0606, 8.222100000000001], [-73.06390000000002, 8.217600000000001], [-73.0733, 8.213600000000001], [-73.0728, 8.2115], [-73.0751, 8.2113], [-73.0751, 8.209100000000001], [-73.0776, 8.2078], [-73.0801, 8.203300000000002], [-73.0794, 8.201800000000002], [-73.077, 8.203700000000001], [-73.0777, 8.198999999999998], [-73.0821, 8.195500000000001], [-73.0884, 8.198199999999998], [-73.0887, 8.203999999999997], [-73.0914, 8.2088], [-73.1001, 8.2153], [-73.1136, 8.223800000000002], [-73.1299, 8.2272], [-73.1367, 8.222299999999997], [-73.1395, 8.2237], [-73.151, 8.2244], [-73.1529, 8.214300000000001], [-73.1583, 8.2167], [-73.1615, 8.2101], [-73.1648, 8.2119], [-73.1674, 8.209399999999997], [-73.1664, 8.2133], [-73.1727, 8.214999999999998], [-73.175, 8.212900000000001], [-73.1781, 8.202299999999997], [-73.1816, 8.197399999999996], [-73.18790000000001, 8.1989], [-73.195, 8.1901], [-73.197, 8.190699999999998], [-73.1967, 8.193099999999996], [-73.1951, 8.193699999999998], [-73.1969, 8.196300000000003], [-73.2045, 8.195399999999998], [-73.2033, 8.183800000000002], [-73.2094, 8.1831], [-73.2121, 8.1807], [-73.2157, 8.1823], [-73.221, 8.180599999999997], [-73.2258, 8.1756], [-73.2329, 8.174900000000001], [-73.2358, 8.1716], [-73.2409, 8.1709], [-73.2408, 8.1695], [-73.2436, 8.1706], [-73.2519, 8.168899999999997], [-73.2582, 8.1751], [-73.2602, 8.1795], [-73.2602, 8.180899999999998], [-73.2589, 8.180699999999998], [-73.2596, 8.182], [-73.2699, 8.185800000000002], [-73.2745, 8.192000000000002], [-73.2723, 8.197299999999998], [-73.2735, 8.198999999999996], [-73.2717, 8.2045], [-73.273, 8.207600000000001], [-73.2649, 8.209100000000001], [-73.26510000000002, 8.2127], [-73.2587, 8.2245], [-73.2619, 8.232100000000003], [-73.261, 8.238799999999998], [-73.267, 8.2427], [-73.2722, 8.243699999999999], [-73.2741, 8.2507], [-73.2712, 8.254699999999998], [-73.2589, 8.259999999999998], [-73.2583, 8.2647], [-73.2553, 8.2684], [-73.255, 8.2717], [-73.2566, 8.273599999999998], [-73.2522, 8.281], [-73.2526, 8.2835], [-73.256, 8.2863], [-73.2565, 8.2918], [-73.2548, 8.2942], [-73.2522, 8.2946], [-73.2499, 8.298399999999999], [-73.2525, 8.304000000000002], [-73.2499, 8.310500000000001], [-73.2527, 8.313700000000003], [-73.2589, 8.316], [-73.2669, 8.313700000000003], [-73.2659, 8.311999999999998], [-73.2681, 8.3101], [-73.2704, 8.3116], [-73.2701, 8.3144], [-73.2758, 8.311399999999999], [-73.2765, 8.321099999999998], [-73.2722, 8.3238], [-73.2689, 8.3221], [-73.266, 8.3232], [-73.2656, 8.326], [-73.2626, 8.3275], [-73.261, 8.332099999999999], [-73.2562, 8.3317], [-73.2545, 8.3351], [-73.2506, 8.336599999999999], [-73.2459, 8.342700000000002], [-73.2298, 8.339800000000002], [-73.2274, 8.336999999999998], [-73.215, 8.333899999999998], [-73.207, 8.327899999999998], [-73.2053, 8.3194], [-73.2022, 8.3183], [-73.1993, 8.322999999999999], [-73.1984, 8.3327], [-73.2019, 8.339999999999998], [-73.2014, 8.344099999999997], [-73.2042, 8.346800000000004], [-73.202, 8.354999999999999], [-73.1979, 8.359900000000001], [-73.1981, 8.3664], [-73.1966, 8.368800000000002], [-73.1859, 8.369899999999998], [-73.1858, 8.361099999999999], [-73.1797, 8.350299999999999], [-73.181, 8.341], [-73.1793, 8.3338], [-73.183, 8.3294], [-73.1673, 8.317200000000001], [-73.1708, 8.315299999999999], [-73.1705, 8.313900000000002], [-73.1761, 8.315499999999998], [-73.1774, 8.312999999999999], [-73.1811, 8.3127], [-73.181, 8.311], [-73.1825, 8.3118], [-73.1834, 8.3061], [-73.1789, 8.3055], [-73.1756, 8.298399999999997], [-73.1721, 8.295999999999998], [-73.1624, 8.2947], [-73.1605, 8.299999999999997], [-73.1551, 8.2962], [-73.1553, 8.2858], [-73.1529, 8.2838], [-73.15610000000001, 8.275799999999998], [-73.155, 8.264899999999997], [-73.1496, 8.2638], [-73.1452, 8.2584], [-73.1398, 8.2596], [-73.137, 8.255000000000003], [-73.1253, 8.246599999999997], [-73.1197, 8.2462], [-73.1117, 8.2429], [-73.098, 8.2442], [-73.0965, 8.2483], [-73.0913, 8.2526], [-73.0911, 8.258699999999997], [-73.0893, 8.2596], [-73.0897, 8.264399999999998], [-73.0882, 8.266899999999998], [-73.0889, 8.272400000000001], [-73.0836, 8.2768], [-73.0826, 8.275599999999997], [-73.081, 8.2764], [-73.0807, 8.2783], [-73.0735, 8.281499999999998], [-73.0611, 8.2835], [-73.0552, 8.2873]]]]}}, {"id": "6", "type": "Feature", "properties": {"gid": "COL.23.24_2", "name": "Oca\u00f1a", "label": "Oca\u00f1a", "municipio": "Oca\u00f1a", "departamento": "NortedeSantander", "year": 2021, "predicted_ha": 21.720765903281283, "official_ha": 24.24, "ratio": 0.896071200630416, "pred_oof_ha": 21.72076590328128, "pred_density": 0.006804665951329332, "official_density": 0.0, "oof_px": 79801, "canvas_px": 79801, "oof_share_of_canvas": 1.0, "canvas_share_hint": 3192.04, "model_rank": 8.0, "official_rank": 9.0, "in_ranking": true}, "geometry": {"type": "MultiPolygon", "coordinates": [[[[-73.3491, 8.3316], [-73.3451, 8.334499999999998], [-73.3493, 8.34], [-73.3495, 8.342899999999998], [-73.3477, 8.3462], [-73.3471, 8.353200000000001], [-73.3487, 8.363900000000003], [-73.3474, 8.3658], [-73.3494, 8.3738], [-73.3459, 8.3795], [-73.3482, 8.3861], [-73.3484, 8.393899999999999], [-73.3452, 8.3914], [-73.3373, 8.393199999999998], [-73.3372, 8.3958], [-73.3322, 8.396899999999999], [-73.3243, 8.404899999999998], [-73.3227, 8.4049], [-73.3196, 8.401799999999998], [-73.3187, 8.398099999999996], [-73.3183, 8.3877], [-73.3201, 8.382], [-73.3116, 8.3725], [-73.3096, 8.374899999999998], [-73.3075, 8.3746], [-73.3066, 8.376799999999998], [-73.3011, 8.376499999999998], [-73.2973, 8.3799], [-73.297, 8.383299999999998], [-73.2924, 8.3886], [-73.2877, 8.3994], [-73.2858, 8.395199999999999], [-73.2809, 8.3953], [-73.2795, 8.3915], [-73.2745, 8.388100000000001], [-73.2754, 8.387100000000002], [-73.28330000000001, 8.3879], [-73.288, 8.383899999999999], [-73.2876, 8.3799], [-73.2909, 8.375900000000001], [-73.2932, 8.3659], [-73.2953, 8.3629], [-73.2986, 8.3618], [-73.2998, 8.3563], [-73.3022, 8.355600000000003], [-73.2988, 8.3498], [-73.3004, 8.3475], [-73.299, 8.342699999999999], [-73.2945, 8.3365], [-73.296, 8.332999999999998], [-73.29170000000002, 8.3258], [-73.2901, 8.328199999999997], [-73.2887, 8.326400000000001], [-73.2837, 8.330499999999999], [-73.2843, 8.328299999999999], [-73.2816, 8.3296], [-73.2766, 8.333999999999998], [-73.2724, 8.3287], [-73.2693, 8.3296], [-73.2698, 8.3251], [-73.2674, 8.3229], [-73.2689, 8.3221], [-73.2722, 8.3238], [-73.2755, 8.3226], [-73.2771, 8.319600000000001], [-73.2764, 8.3118], [-73.2723, 8.3124], [-73.2701, 8.3144], [-73.2704, 8.3116], [-73.2681, 8.3101], [-73.2659, 8.311999999999998], [-73.267, 8.3136], [-73.261, 8.315999999999999], [-73.2533, 8.314], [-73.2499, 8.310500000000001], [-73.2525, 8.304000000000002], [-73.2498, 8.2987], [-73.2522, 8.2946], [-73.2548, 8.2942], [-73.2565, 8.2918], [-73.256, 8.2863], [-73.2526, 8.2835], [-73.2522, 8.280599999999998], [-73.2566, 8.273599999999998], [-73.2552, 8.269], [-73.2583, 8.2647], [-73.2587, 8.260200000000001], [-73.2712, 8.254699999999998], [-73.2741, 8.2507], [-73.2722, 8.243699999999999], [-73.267, 8.2427], [-73.261, 8.238799999999998], [-73.2619, 8.232100000000003], [-73.2587, 8.2245], [-73.26510000000002, 8.2127], [-73.2649, 8.209100000000001], [-73.273, 8.207600000000001], [-73.2717, 8.2043], [-73.2739, 8.192599999999999], [-73.2759, 8.1913], [-73.2783, 8.192200000000001], [-73.2815, 8.1845], [-73.2885, 8.179], [-73.2872, 8.1635], [-73.2811, 8.158900000000001], [-73.2821, 8.150899999999998], [-73.2792, 8.1446], [-73.2813, 8.140400000000001], [-73.2811, 8.133499999999998], [-73.2862, 8.124699999999999], [-73.289, 8.1237], [-73.2972, 8.114200000000002], [-73.3021, 8.112899999999998], [-73.3037, 8.109299999999998], [-73.3097, 8.103999999999997], [-73.31250000000001, 8.1038], [-73.3203, 8.111], [-73.3276, 8.100499999999998], [-73.3279, 8.092300000000002], [-73.3258, 8.0852], [-73.3203, 8.0806], [-73.3179, 8.068199999999997], [-73.3139, 8.0643], [-73.3089, 8.054299999999998], [-73.3151, 8.040599999999996], [-73.3091, 8.0246], [-73.31, 8.0158], [-73.3267, 8.0145], [-73.3325, 8.0221], [-73.3347, 8.0227], [-73.3427, 8.0174], [-73.3542, 8.018], [-73.3672, 8.012799999999999], [-73.3688, 8.0135], [-73.3671, 8.019899999999996], [-73.3677, 8.025799999999998], [-73.3722, 8.035], [-73.3716, 8.0396], [-73.3749, 8.050599999999998], [-73.3746, 8.057699999999997], [-73.3715, 8.0613], [-73.3697, 8.0687], [-73.3736, 8.0725], [-73.3731, 8.0813], [-73.376, 8.09], [-73.3748, 8.0944], [-73.3789, 8.105899999999997], [-73.3835, 8.1108], [-73.3966, 8.1168], [-73.4063, 8.1126], [-73.4097, 8.1143], [-73.4191, 8.135899999999998], [-73.4354, 8.1466], [-73.4368, 8.1491], [-73.4334, 8.153499999999998], [-73.4346, 8.157200000000001], [-73.4309, 8.178399999999998], [-73.4273, 8.1829], [-73.4223, 8.183500000000002], [-73.4212, 8.185600000000003], [-73.4168, 8.187099999999997], [-73.4174, 8.197400000000002], [-73.4146, 8.201200000000002], [-73.4125, 8.211299999999998], [-73.4093, 8.2147], [-73.4097, 8.220799999999997], [-73.40790000000001, 8.2242], [-73.4021, 8.2271], [-73.3963, 8.2375], [-73.3986, 8.244700000000002], [-73.3983, 8.2531], [-73.3918, 8.256999999999998], [-73.3914, 8.260699999999998], [-73.3848, 8.2657], [-73.3749, 8.2679], [-73.3737, 8.2726], [-73.3641, 8.2813], [-73.3683, 8.2957], [-73.3647, 8.299400000000002], [-73.3655, 8.3051], [-73.36, 8.308699999999996], [-73.3616, 8.3188], [-73.3545, 8.327999999999998], [-73.3491, 8.3316]]], [[[-73.45660000000001, 8.362], [-73.4634, 8.363], [-73.4691, 8.3672], [-73.4781, 8.3658], [-73.4797, 8.3775], [-73.488, 8.384300000000001], [-73.51430000000002, 8.3855], [-73.5256, 8.383499999999996], [-73.5298, 8.3813], [-73.5253, 8.3857], [-73.5191, 8.3877], [-73.5147, 8.3976], [-73.5067, 8.402200000000002], [-73.4981, 8.4097], [-73.494, 8.415099999999997], [-73.4939, 8.419299999999998], [-73.4923, 8.421900000000003], [-73.4855, 8.4233], [-73.48, 8.4269], [-73.4772, 8.4269], [-73.4749, 8.4238], [-73.4749, 8.417799999999996], [-73.4772, 8.4111], [-73.4745, 8.4065], [-73.4721, 8.406099999999999], [-73.4691, 8.402500000000002], [-73.4625, 8.4049], [-73.46, 8.4123], [-73.4552, 8.414300000000003], [-73.4542, 8.417599999999998], [-73.4476, 8.424], [-73.4405, 8.4215], [-73.4262, 8.4243], [-73.4198, 8.4241], [-73.4167, 8.422399999999998], [-73.4112, 8.4284], [-73.4081, 8.424499999999998], [-73.4017, 8.4227], [-73.3983, 8.416799999999999], [-73.4038, 8.4108], [-73.4033, 8.404700000000002], [-73.401, 8.399199999999999], [-73.3955, 8.399], [-73.3936, 8.397200000000002], [-73.3913, 8.3901], [-73.3922, 8.3804], [-73.3969, 8.375999999999996], [-73.4008, 8.375499999999999], [-73.4064, 8.3715], [-73.4099, 8.3715], [-73.4102, 8.369599999999997], [-73.4073, 8.3654], [-73.41050000000001, 8.367499999999998], [-73.416, 8.3661], [-73.4199, 8.3679], [-73.4248, 8.361399999999998], [-73.4266, 8.3611], [-73.429, 8.3669], [-73.4338, 8.3654], [-73.4371, 8.359299999999998], [-73.437, 8.3534], [-73.4418, 8.341299999999999], [-73.4541, 8.344999999999999], [-73.45980000000002, 8.348499999999998], [-73.4612, 8.3545], [-73.45660000000001, 8.362]]]]}}, {"id": "7", "type": "Feature", "properties": {"gid": "COL.23.27_2", "name": "PuertoSantander", "label": "Puerto Santander", "municipio": "PuertoSantander", "departamento": "NortedeSantander", "year": 2021, "predicted_ha": null, "official_ha": null, "ratio": null, "pred_oof_ha": null, "pred_density": null, "official_density": null, "oof_px": 0, "canvas_px": 88741, "oof_share_of_canvas": null, "canvas_share_hint": null, "model_rank": null, "official_rank": null, "in_ranking": false}, "geometry": {"type": "MultiPolygon", "coordinates": [[[[-72.3866, 8.2785], [-72.393, 8.2737], [-72.4003, 8.2714], [-72.4069, 8.2741], [-72.4086, 8.2691], [-72.4107, 8.2691], [-72.407, 8.2774], [-72.4083, 8.284400000000002], [-72.407, 8.287899999999999], [-72.4171, 8.2908], [-72.4153, 8.2936], [-72.4113, 8.294200000000002], [-72.4132, 8.2975], [-72.409, 8.298399999999997], [-72.4112, 8.301499999999999], [-72.416, 8.3035], [-72.4187, 8.308500000000002], [-72.4152, 8.3118], [-72.4207, 8.3146], [-72.4223, 8.3172], [-72.4264, 8.317199999999998], [-72.428, 8.318999999999997], [-72.4327, 8.320100000000002], [-72.4319, 8.326599999999997], [-72.4382, 8.3245], [-72.4404, 8.328400000000002], [-72.4436, 8.3229], [-72.4455, 8.324599999999998], [-72.4443, 8.327899999999998], [-72.438, 8.334399999999999], [-72.4346, 8.345199999999997], [-72.4361, 8.3476], [-72.437, 8.344199999999999], [-72.44030000000001, 8.3432], [-72.4399, 8.3515], [-72.4323, 8.36], [-72.4344, 8.3617], [-72.4446, 8.360999999999999], [-72.4467, 8.3631], [-72.4468, 8.366], [-72.4428, 8.3692], [-72.4336, 8.365699999999999], [-72.4274, 8.3664], [-72.4264, 8.3694], [-72.4287, 8.379599999999998], [-72.4257, 8.382699999999998], [-72.4166, 8.380799999999999], [-72.4088, 8.3744], [-72.4089, 8.3708], [-72.4165, 8.3672], [-72.4155, 8.3638], [-72.4115, 8.3635], [-72.4066, 8.366299999999999], [-72.4036, 8.364], [-72.4083, 8.360100000000001], [-72.4046, 8.3607], [-72.4028, 8.355699999999999], [-72.40000000000002, 8.3605], [-72.3934, 8.358200000000002], [-72.3923, 8.3548], [-72.3941, 8.3504], [-72.389, 8.3487], [-72.3892, 8.3441], [-72.3956, 8.3434], [-72.3931, 8.338499999999998], [-72.39550000000001, 8.3315], [-72.3923, 8.3286], [-72.396, 8.325399999999998], [-72.393, 8.320300000000001], [-72.3895, 8.320199999999996], [-72.3854, 8.316199999999998], [-72.3824, 8.316199999999997], [-72.3825, 8.311799999999998], [-72.381, 8.3106], [-72.3832, 8.3055], [-72.3809, 8.306000000000001], [-72.381, 8.304100000000002], [-72.387, 8.303499999999996], [-72.3849, 8.301499999999999], [-72.3872, 8.2992], [-72.3864, 8.296], [-72.3841, 8.294400000000001], [-72.3886, 8.291499999999996], [-72.3852, 8.290199999999999], [-72.3889, 8.289799999999996], [-72.3899, 8.287200000000002], [-72.3884, 8.2869], [-72.389, 8.285], [-72.3871, 8.282599999999999], [-72.3891, 8.279499999999997], [-72.3866, 8.2785]]]]}}, {"id": "8", "type": "Feature", "properties": {"gid": "COL.23.30_2", "name": "SanCalixto", "label": "San Calixto", "municipio": "SanCalixto", "departamento": "NortedeSantander", "year": 2021, "predicted_ha": 1485.670406918421, "official_ha": 965.93, "ratio": 1.538072538298242, "pred_oof_ha": 1027.1649936041422, "pred_density": 0.0321670600085225, "official_density": 0.022237745337535666, "oof_px": 798305, "canvas_px": 1154652, "oof_share_of_canvas": 0.6913814725129303, "canvas_share_hint": 46186.08, "model_rank": 5.0, "official_rank": 5.0, "in_ranking": true}, "geometry": {"type": "MultiPolygon", "coordinates": [[[[-73.1576, 8.572500000000002], [-73.1586, 8.564600000000002], [-73.1571, 8.562399999999997], [-73.1586, 8.560799999999997], [-73.15610000000001, 8.561099999999998], [-73.1515, 8.5554], [-73.1464, 8.553899999999999], [-73.1439, 8.555000000000001], [-73.1412, 8.553599999999998], [-73.1388, 8.555000000000001], [-73.1312, 8.5541], [-73.1238, 8.5509], [-73.1199, 8.552599999999998], [-73.117, 8.5574], [-73.1147, 8.5565], [-73.1106, 8.558599999999998], [-73.1072, 8.556999999999999], [-73.1065, 8.558100000000001], [-73.10810000000001, 8.5598], [-73.1045, 8.5607], [-73.1042, 8.5633], [-73.096, 8.5607], [-73.0938, 8.5616], [-73.0912, 8.5693], [-73.0917, 8.5779], [-73.0854, 8.5864], [-73.0812, 8.588100000000003], [-73.0776, 8.5851], [-73.0795, 8.580199999999998], [-73.0789, 8.578], [-73.0758, 8.578399999999998], [-73.0743, 8.5758], [-73.0714, 8.5758], [-73.0702, 8.573699999999999], [-73.0671, 8.575000000000003], [-73.0604, 8.5703], [-73.0617, 8.565400000000002], [-73.0589, 8.5609], [-73.0593, 8.556099999999999], [-73.05680000000001, 8.5566], [-73.0557, 8.5593], [-73.054, 8.557300000000001], [-73.0495, 8.558100000000001], [-73.0325, 8.549300000000002], [-73.022, 8.546499999999996], [-73.019, 8.5463], [-73.0178, 8.5477], [-73.0161, 8.5449], [-73.0105, 8.542399999999999], [-73.0014, 8.522499999999999], [-72.9923, 8.5108], [-72.9942, 8.495500000000002], [-72.984, 8.488300000000002], [-72.9784, 8.490299999999998], [-72.976, 8.4895], [-72.9655, 8.4711], [-72.9664, 8.466799999999997], [-72.9644, 8.453700000000001], [-72.96850000000002, 8.444899999999999], [-72.9667, 8.440999999999999], [-72.9684, 8.435500000000001], [-72.9656, 8.424199999999997], [-72.9695, 8.418599999999998], [-72.976, 8.414899999999996], [-72.9777, 8.415299999999998], [-72.9849, 8.4253], [-72.9885, 8.437799999999998], [-73.0029, 8.444499999999998], [-73.0034, 8.4466], [-73.0113, 8.452300000000001], [-73.0132, 8.457599999999998], [-73.0135, 8.4672], [-73.0183, 8.473599999999998], [-73.0286, 8.48], [-73.031, 8.4834], [-73.0393, 8.4848], [-73.0422, 8.489200000000002], [-73.0493, 8.492899999999999], [-73.0509, 8.4867], [-73.0601, 8.4809], [-73.0619, 8.474700000000002], [-73.0747, 8.4663], [-73.0762, 8.460999999999999], [-73.0789, 8.4578], [-73.0849, 8.456], [-73.0865, 8.448999999999998], [-73.0891, 8.445899999999998], [-73.0901, 8.4352], [-73.095, 8.429], [-73.0947, 8.425700000000003], [-73.0966, 8.4222], [-73.1069, 8.421199999999999], [-73.111, 8.4244], [-73.1136, 8.4226], [-73.1147, 8.4242], [-73.1168, 8.422800000000002], [-73.1236, 8.4287], [-73.1277, 8.427599999999998], [-73.1305, 8.432299999999996], [-73.1324, 8.431699999999998], [-73.132, 8.4347], [-73.1369, 8.4358], [-73.1441, 8.4334], [-73.1521, 8.4358], [-73.1558, 8.4338], [-73.16190000000002, 8.435500000000001], [-73.17, 8.4262], [-73.1731, 8.4165], [-73.1805, 8.414599999999997], [-73.1818, 8.412899999999999], [-73.1838, 8.413299999999998], [-73.1776, 8.4102], [-73.1776, 8.4012], [-73.1759, 8.399], [-73.1734, 8.3831], [-73.1783, 8.378099999999998], [-73.1791, 8.374699999999999], [-73.1849, 8.3696], [-73.1946, 8.3694], [-73.1978, 8.367499999999996], [-73.1979, 8.359900000000001], [-73.202, 8.354999999999999], [-73.2042, 8.346800000000004], [-73.2014, 8.344099999999997], [-73.2019, 8.339999999999998], [-73.1984, 8.3327], [-73.1993, 8.322999999999999], [-73.2019, 8.318500000000002], [-73.2053, 8.3194], [-73.207, 8.327899999999998], [-73.215, 8.333899999999998], [-73.2274, 8.336999999999998], [-73.2298, 8.339800000000002], [-73.2459, 8.342700000000002], [-73.2506, 8.336599999999999], [-73.2545, 8.3351], [-73.2562, 8.3317], [-73.261, 8.332099999999999], [-73.2626, 8.3275], [-73.2656, 8.326], [-73.266, 8.3232], [-73.2698, 8.3251], [-73.2693, 8.3296], [-73.2724, 8.3287], [-73.2761, 8.334099999999998], [-73.2816, 8.3296], [-73.2843, 8.328299999999999], [-73.2837, 8.330499999999999], [-73.2887, 8.326400000000001], [-73.2901, 8.328199999999997], [-73.29170000000002, 8.3258], [-73.296, 8.332999999999998], [-73.2945, 8.3365], [-73.299, 8.342699999999999], [-73.3004, 8.3475], [-73.2988, 8.3498], [-73.3022, 8.355600000000003], [-73.2998, 8.3563], [-73.2986, 8.3618], [-73.2953, 8.3629], [-73.2932, 8.3659], [-73.2909, 8.375900000000001], [-73.2876, 8.3799], [-73.288, 8.383899999999999], [-73.28330000000001, 8.3879], [-73.2754, 8.387100000000002], [-73.2744, 8.3884], [-73.2753, 8.393700000000003], [-73.2737, 8.3973], [-73.2756, 8.401399999999999], [-73.2789, 8.403700000000002], [-73.2761, 8.4056], [-73.2772, 8.407999999999998], [-73.276, 8.409899999999999], [-73.2737, 8.4079], [-73.2721, 8.408599999999998], [-73.2714, 8.411999999999999], [-73.2734, 8.412900000000002], [-73.2745, 8.416600000000003], [-73.2714, 8.418499999999998], [-73.2711, 8.4222], [-73.2671, 8.4272], [-73.263, 8.427299999999999], [-73.2617, 8.430400000000002], [-73.2632, 8.431399999999998], [-73.261, 8.4335], [-73.2617, 8.4394], [-73.2673, 8.4435], [-73.2717, 8.452399999999999], [-73.2687, 8.457000000000003], [-73.269, 8.459799999999996], [-73.2624, 8.458899999999998], [-73.2596, 8.4609], [-73.2582, 8.456100000000001], [-73.2555, 8.457000000000003], [-73.2527, 8.453399999999997], [-73.2534, 8.450999999999999], [-73.2464, 8.4491], [-73.2474, 8.452799999999998], [-73.2463, 8.461500000000001], [-73.2515, 8.4699], [-73.2349, 8.470700000000003], [-73.23330000000001, 8.4863], [-73.2305, 8.4894], [-73.2212, 8.493699999999999], [-73.2175, 8.499199999999998], [-73.2185, 8.5085], [-73.2243, 8.516300000000001], [-73.2204, 8.5302], [-73.2056, 8.5399], [-73.2015, 8.545], [-73.2018, 8.5513], [-73.1977, 8.5542], [-73.1858, 8.556200000000002], [-73.1758, 8.5533], [-73.1702, 8.554399999999998], [-73.1655, 8.564399999999997], [-73.1576, 8.572500000000002]]]]}}, {"id": "9", "type": "Feature", "properties": {"gid": "COL.23.32_2", "name": "SanJos\u00e9deC\u00facuta", "label": "San Jos\u00e9 de C\u00facuta", "municipio": "SanJos\u00e9deC\u00facuta", "departamento": "NortedeSantander", "year": 2021, "predicted_ha": null, "official_ha": null, "ratio": null, "pred_oof_ha": null, "pred_density": null, "official_density": null, "oof_px": 0, "canvas_px": 466534, "oof_share_of_canvas": null, "canvas_share_hint": null, "model_rank": null, "official_rank": null, "in_ranking": false}, "geometry": {"type": "MultiPolygon", "coordinates": [[[[-72.5757, 7.723900000000003], [-72.5828, 7.735199999999996], [-72.5827, 7.747400000000001], [-72.5854, 7.751400000000001], [-72.5817, 7.7579], [-72.5815, 7.761000000000001], [-72.5776, 7.763999999999997], [-72.5795, 7.764599999999998], [-72.5664, 7.781], [-72.5634, 7.795700000000001], [-72.5725, 7.801], [-72.5782, 7.809399999999998], [-72.584, 7.814799999999998], [-72.5837, 7.817400000000001], [-72.5813, 7.818599999999999], [-72.5831, 7.820000000000002], [-72.5852, 7.835299999999999], [-72.583, 7.8366], [-72.5831, 7.840400000000002], [-72.5779, 7.8426], [-72.5782, 7.8466999999999985], [-72.573, 7.847500000000002], [-72.5723, 7.845499999999999], [-72.5644, 7.845800000000002], [-72.5632, 7.847700000000001], [-72.5654, 7.847499999999998], [-72.5596, 7.8527000000000005], [-72.5612, 7.8564], [-72.5579, 7.859299999999998], [-72.5591, 7.861499999999999], [-72.555, 7.862700000000003], [-72.55, 7.870399999999999], [-72.5463, 7.868500000000001], [-72.5465, 7.872600000000001], [-72.5443, 7.874699999999999], [-72.5453, 7.876399999999999], [-72.5418, 7.879400000000001], [-72.5425, 7.8828], [-72.54540000000001, 7.883099999999999], [-72.54540000000001, 7.8862999999999985], [-72.5432, 7.885300000000003], [-72.5423, 7.8876], [-72.5452, 7.889700000000002], [-72.5483, 7.8892999999999995], [-72.5498, 7.887399999999998], [-72.5525, 7.8901], [-72.5561, 7.8899], [-72.5573, 7.891600000000001], [-72.5586, 7.890399999999997], [-72.56, 7.8931000000000004], [-72.5612, 7.889999999999999], [-72.5664, 7.887599999999998], [-72.5678, 7.889099999999999], [-72.5697, 7.888400000000001], [-72.5693, 7.8917], [-72.57200000000002, 7.8937], [-72.57200000000002, 7.891400000000002], [-72.5749, 7.889999999999999], [-72.5767, 7.885300000000001], [-72.579, 7.8847], [-72.5822, 7.886699999999999], [-72.586, 7.886099999999999], [-72.5865, 7.889099999999999], [-72.5907, 7.8915000000000015], [-72.5892, 7.8966999999999965], [-72.5867, 7.8983], [-72.5881, 7.9007000000000005], [-72.5856, 7.9005], [-72.5881, 7.903599999999996], [-72.5838, 7.9063], [-72.5891, 7.9112], [-72.5869, 7.913600000000002], [-72.5871, 7.921899999999997], [-72.5837, 7.926799999999999], [-72.5864, 7.934500000000001], [-72.5858, 7.939399999999999], [-72.5927, 7.945599999999999], [-72.5888, 7.949200000000001], [-72.5903, 7.949899999999999], [-72.5924, 7.9576], [-72.5952, 7.958999999999997], [-72.5937, 7.962999999999999], [-72.5971, 7.967000000000002], [-72.5938, 7.9754], [-72.5951, 7.979399999999998], [-72.5933, 7.982000000000001], [-72.5931, 7.987499999999998], [-72.5967, 7.999999999999998], [-72.5936, 8.003099999999996], [-72.5948, 8.0063], [-72.594, 8.0093], [-72.5898, 8.013500000000002], [-72.5865, 8.0221], [-72.5888, 8.0296], [-72.5913, 8.0307], [-72.5907, 8.036000000000003], [-72.5925, 8.036599999999998], [-72.5901, 8.043699999999998], [-72.5911, 8.0516], [-72.5861, 8.054499999999999], [-72.585, 8.0622], [-72.5855, 8.065599999999998], [-72.5884, 8.0677], [-72.5891, 8.070499999999997], [-72.5857, 8.0779], [-72.5905, 8.0832], [-72.5871, 8.0869], [-72.5844, 8.0938], [-72.5875, 8.0972], [-72.5859, 8.1028], [-72.5764, 8.1099], [-72.5701, 8.109499999999999], [-72.5665, 8.113299999999999], [-72.5615, 8.1122], [-72.5565, 8.117499999999998], [-72.5529, 8.1163], [-72.5471, 8.121399999999998], [-72.5462, 8.1266], [-72.5385, 8.1324], [-72.5419, 8.144799999999996], [-72.5347, 8.1507], [-72.534, 8.1599], [-72.5292, 8.1626], [-72.5319, 8.169299999999998], [-72.529, 8.1712], [-72.5305, 8.1769], [-72.5361, 8.177099999999998], [-72.5391, 8.183800000000002], [-72.5371, 8.186299999999996], [-72.5312, 8.184799999999996], [-72.5291, 8.1869], [-72.5253, 8.1961], [-72.53, 8.1985], [-72.5277, 8.202699999999998], [-72.5292, 8.2078], [-72.5255, 8.2122], [-72.5269, 8.214499999999996], [-72.5317, 8.215299999999996], [-72.5312, 8.220000000000002], [-72.5334, 8.222900000000001], [-72.5332, 8.225199999999997], [-72.5381, 8.2208], [-72.5418, 8.220199999999998], [-72.5424, 8.216900000000003], [-72.5457, 8.215199999999998], [-72.5463, 8.211999999999998], [-72.5543, 8.2108], [-72.5592, 8.2136], [-72.5611, 8.2223], [-72.5592, 8.225700000000002], [-72.5604, 8.229000000000001], [-72.559, 8.2335], [-72.5614, 8.241], [-72.5614, 8.247999999999998], [-72.5529, 8.2662], [-72.5497, 8.281], [-72.555, 8.2804], [-72.5577, 8.282], [-72.5572, 8.284099999999999], [-72.5627, 8.286300000000002], [-72.56230000000001, 8.280599999999998], [-72.5672, 8.282499999999999], [-72.5703, 8.2809], [-72.5999, 8.2826], [-72.6017, 8.284000000000002], [-72.608, 8.2803], [-72.6042, 8.2874], [-72.6065, 8.2894], [-72.6049, 8.2907], [-72.6061, 8.297799999999999], [-72.6021, 8.297], [-72.6, 8.3023], [-72.603, 8.304699999999997], [-72.6011, 8.307799999999999], [-72.6029, 8.3103], [-72.6002, 8.311], [-72.6043, 8.313900000000002], [-72.6018, 8.3153], [-72.6008, 8.318599999999998], [-72.603, 8.321], [-72.6024, 8.323299999999998], [-72.6041, 8.324199999999998], [-72.6031, 8.3277], [-72.5972, 8.331], [-72.5882, 8.3284], [-72.5894, 8.331800000000001], [-72.58630000000001, 8.341899999999999], [-72.5896, 8.3388], [-72.5913, 8.341800000000003], [-72.5883, 8.342700000000002], [-72.5899, 8.3456], [-72.5872, 8.3463], [-72.587, 8.3483], [-72.5845, 8.3498], [-72.5865, 8.351899999999997], [-72.5835, 8.3532], [-72.5847, 8.3548], [-72.5834, 8.3622], [-72.5854, 8.3651], [-72.5854, 8.373200000000002], [-72.5835, 8.3685], [-72.5736, 8.3667], [-72.5686, 8.3542], [-72.57070000000002, 8.351], [-72.5616, 8.3446], [-72.5574, 8.337899999999998], [-72.5484, 8.338499999999998], [-72.548, 8.321799999999998], [-72.5462, 8.321199999999997], [-72.5463, 8.319200000000002], [-72.54020000000001, 8.3136], [-72.5317, 8.3107], [-72.529, 8.330199999999998], [-72.5308, 8.340500000000002], [-72.5283, 8.3489], [-72.5294, 8.358600000000001], [-72.5267, 8.3658], [-72.521, 8.368299999999998], [-72.5196, 8.377799999999999], [-72.5193, 8.388499999999999], [-72.5224, 8.3919], [-72.5215, 8.401800000000001], [-72.5135, 8.402699999999998], [-72.5106, 8.4], [-72.508, 8.4017], [-72.502, 8.397900000000002], [-72.504, 8.400599999999999], [-72.5044, 8.4055], [-72.5, 8.409199999999998], [-72.4951, 8.409], [-72.49540000000002, 8.4182], [-72.4866, 8.418899999999999], [-72.4854, 8.424199999999997], [-72.4819, 8.4296], [-72.4781, 8.4302], [-72.4779, 8.4273], [-72.476, 8.4267], [-72.4741, 8.430099999999998], [-72.4711, 8.4316], [-72.4271, 8.382100000000001], [-72.4289, 8.377299999999998], [-72.4264, 8.3694], [-72.4274, 8.3664], [-72.4336, 8.365699999999999], [-72.4428, 8.3692], [-72.4468, 8.366], [-72.4467, 8.3631], [-72.4446, 8.360999999999999], [-72.4344, 8.3617], [-72.4323, 8.36], [-72.4399, 8.3515], [-72.44030000000001, 8.3432], [-72.437, 8.344199999999999], [-72.4361, 8.3476], [-72.4346, 8.345199999999997], [-72.438, 8.334399999999999], [-72.4443, 8.327899999999998], [-72.445, 8.323299999999996], [-72.4424, 8.323900000000002], [-72.4404, 8.328400000000002], [-72.4382, 8.3245], [-72.4319, 8.326599999999997], [-72.4327, 8.320100000000002], [-72.428, 8.318999999999997], [-72.4264, 8.317199999999998], [-72.4223, 8.3172], [-72.4207, 8.3146], [-72.4152, 8.3118], [-72.4187, 8.308500000000002], [-72.416, 8.3035], [-72.4112, 8.301499999999999], [-72.409, 8.298399999999997], [-72.4132, 8.2975], [-72.4113, 8.294200000000002], [-72.4153, 8.2936], [-72.4171, 8.2908], [-72.407, 8.287899999999999], [-72.4083, 8.284400000000002], [-72.407, 8.2774], [-72.4107, 8.2691], [-72.4086, 8.2691], [-72.4069, 8.2741], [-72.4003, 8.2714], [-72.393, 8.2737], [-72.39160000000001, 8.275900000000004], [-72.3856, 8.2784], [-72.3896, 8.269], [-72.3908, 8.259599999999999], [-72.394, 8.258899999999999], [-72.3914, 8.254999999999999], [-72.3945, 8.2519], [-72.3928, 8.251599999999998], [-72.3918, 8.2534], [-72.3871, 8.2527], [-72.3885, 8.2505], [-72.3869, 8.246399999999998], [-72.3816, 8.246399999999996], [-72.3874, 8.241599999999998], [-72.3827, 8.234299999999998], [-72.3844, 8.2315], [-72.3787, 8.221000000000002], [-72.3807, 8.218699999999997], [-72.3757, 8.214700000000002], [-72.3775, 8.208500000000003], [-72.3741, 8.202700000000002], [-72.3724, 8.203599999999998], [-72.3726, 8.200999999999997], [-72.37, 8.2007], [-72.375, 8.1949], [-72.3696, 8.195699999999999], [-72.3683, 8.192099999999996], [-72.3706, 8.1919], [-72.3707, 8.1904], [-72.3634, 8.191299999999998], [-72.3674, 8.1851], [-72.3656, 8.1843], [-72.3657, 8.182099999999998], [-72.3634, 8.181800000000003], [-72.3603, 8.171299999999999], [-72.3554, 8.165499999999998], [-72.3567, 8.163199999999998], [-72.3554, 8.154399999999997], [-72.3577, 8.1539], [-72.3582, 8.1511], [-72.3601, 8.152999999999997], [-72.3608, 8.1508], [-72.3658, 8.150000000000002], [-72.3657, 8.145700000000001], [-72.3677, 8.142699999999998], [-72.3673, 8.1399], [-72.3628, 8.1406], [-72.3667, 8.1363], [-72.3644, 8.133900000000002], [-72.3628, 8.1342], [-72.3642, 8.129399999999999], [-72.3617, 8.127399999999996], [-72.3622, 8.1255], [-72.3608, 8.1254], [-72.3614, 8.123799999999997], [-72.3598, 8.1232], [-72.359, 8.120200000000002], [-72.3625, 8.119799999999998], [-72.36370000000001, 8.121099999999998], [-72.3639, 8.119099999999998], [-72.3674, 8.1193], [-72.3696, 8.117200000000002], [-72.37, 8.113799999999996], [-72.3726, 8.113799999999998], [-72.3714, 8.112499999999999], [-72.3731, 8.1122], [-72.3749, 8.1074], [-72.37210000000002, 8.103899999999998], [-72.3703, 8.0936], [-72.3579, 8.088699999999998], [-72.3508, 8.080199999999998], [-72.352, 8.0725], [-72.3478, 8.058499999999997], [-72.3485, 8.045699999999997], [-72.3465, 8.0369], [-72.35, 8.032599999999999], [-72.3536, 8.0311], [-72.3552, 8.0266], [-72.3476, 8.018], [-72.3498, 8.0066], [-72.349, 8.0037], [-72.351, 8.003400000000001], [-72.3625, 8.0099], [-72.366, 8.0176], [-72.3682, 8.0196], [-72.3715, 8.0197], [-72.3775, 8.0249], [-72.3785, 8.0298], [-72.3837, 8.033999999999999], [-72.39030000000001, 8.0349], [-72.3945, 8.032], [-72.3975, 8.0328], [-72.3983, 8.031599999999996], [-72.4034, 8.034599999999998], [-72.4155, 8.033599999999998], [-72.4173, 8.031400000000001], [-72.4141, 8.021], [-72.4166, 8.020999999999999], [-72.4176, 8.018199999999997], [-72.4201, 8.0171], [-72.4191, 8.0118], [-72.4231, 8.008700000000003], [-72.4222, 8.0029], [-72.4193, 8.001399999999999], [-72.4204, 7.995699999999999], [-72.4229, 7.995099999999998], [-72.4276, 7.989400000000001], [-72.4307, 7.989800000000001], [-72.4329, 7.992499999999999], [-72.4389, 7.991899999999998], [-72.4411, 7.986199999999999], [-72.4443, 7.9841999999999995], [-72.4413, 7.980100000000002], [-72.4418, 7.976000000000001], [-72.4492, 7.9715], [-72.44740000000002, 7.968599999999999], [-72.4602, 7.966700000000002], [-72.4619, 7.964], [-72.4756, 7.960100000000001], [-72.476, 7.955700000000002], [-72.4839, 7.9509], [-72.4833, 7.9481], [-72.488, 7.943599999999997], [-72.4864, 7.940699999999997], [-72.4878, 7.9374], [-72.484, 7.934299999999999], [-72.485, 7.931199999999998], [-72.4811, 7.929500000000001], [-72.4799, 7.926499999999999], [-72.4765, 7.930600000000001], [-72.4748, 7.9281], [-72.4776, 7.923599999999999], [-72.4745, 7.923399999999998], [-72.4738, 7.924900000000001], [-72.46690000000001, 7.9225], [-72.4678, 7.918700000000001], [-72.4648, 7.918999999999998], [-72.4619, 7.9137], [-72.4583, 7.911699999999997], [-72.4587, 7.908900000000003], [-72.46300000000001, 7.908299999999998], [-72.4604, 7.9026], [-72.4629, 7.890700000000002], [-72.4624, 7.882799999999998], [-72.461, 7.881200000000002], [-72.4645, 7.8807], [-72.4645, 7.875700000000002], [-72.4787, 7.8758], [-72.486, 7.8683999999999985], [-72.4827, 7.864000000000002], [-72.488, 7.8585], [-72.4925, 7.861799999999997], [-72.4959, 7.8681], [-72.4986, 7.866200000000002], [-72.5014, 7.8679000000000014], [-72.5069, 7.857899999999999], [-72.5078, 7.8497], [-72.5115, 7.842299999999998], [-72.5199, 7.835200000000003], [-72.5218, 7.8307], [-72.5209, 7.823999999999999], [-72.5234, 7.8168], [-72.5225, 7.8084999999999996], [-72.5249, 7.797599999999997], [-72.52330000000002, 7.787299999999998], [-72.5251, 7.7785], [-72.5311, 7.768099999999999], [-72.5325, 7.7558], [-72.5425, 7.7467], [-72.5456, 7.745999999999998], [-72.5504, 7.7419], [-72.5601, 7.738800000000003], [-72.5757, 7.723900000000003]]]]}}, {"id": "10", "type": "Feature", "properties": {"gid": "COL.23.35_2", "name": "Sardinata", "label": "Sardinata", "municipio": "Sardinata", "departamento": "NortedeSantander", "year": 2021, "predicted_ha": 3477.1220749311897, "official_ha": 5135.03, "ratio": 0.6771376359887264, "pred_oof_ha": 2986.5852975706616, "pred_density": 0.055433647041333994, "official_density": 0.056112736289009556, "oof_px": 1346919, "canvas_px": 1568146, "oof_share_of_canvas": 0.8589244878984482, "canvas_share_hint": 62725.840000000004, "model_rank": 3.0, "official_rank": 3.0, "in_ranking": true}, "geometry": {"type": "MultiPolygon", "coordinates": [[[[-72.9605, 8.1875], [-72.9547, 8.1911], [-72.9616, 8.2031], [-72.9628, 8.209799999999996], [-72.9713, 8.216900000000003], [-72.9757, 8.226799999999997], [-72.9712, 8.2297], [-72.9701, 8.2374], [-72.9803, 8.245], [-72.9878, 8.252799999999999], [-72.9953, 8.269199999999998], [-72.9897, 8.275999999999998], [-72.9907, 8.2824], [-72.9871, 8.292199999999998], [-72.9823, 8.2972], [-72.9778, 8.296499999999998], [-72.9753, 8.298399999999999], [-72.9751, 8.300999999999998], [-72.9827, 8.312899999999999], [-72.9806, 8.3163], [-72.9803, 8.321399999999997], [-72.9751, 8.3216], [-72.9714, 8.327200000000003], [-72.9735, 8.335099999999999], [-72.9792, 8.3419], [-72.9836, 8.352100000000002], [-72.9825, 8.360899999999999], [-72.9803, 8.364099999999999], [-72.9911, 8.3751], [-72.9943, 8.3898], [-72.9921, 8.394899999999998], [-72.9882, 8.3985], [-72.9903, 8.405099999999997], [-72.987, 8.411800000000001], [-72.976, 8.4101], [-72.9735, 8.412899999999997], [-72.9735, 8.416899999999998], [-72.9695, 8.418599999999998], [-72.9656, 8.424199999999997], [-72.9684, 8.435500000000001], [-72.9667, 8.440999999999999], [-72.96850000000002, 8.444899999999999], [-72.9644, 8.453700000000001], [-72.9664, 8.466799999999997], [-72.9655, 8.4711], [-72.9429, 8.4773], [-72.9413, 8.4916], [-72.93930000000002, 8.4924], [-72.9358, 8.4991], [-72.9397, 8.5061], [-72.9427, 8.506], [-72.9424, 8.509199999999998], [-72.9439, 8.5106], [-72.9405, 8.5123], [-72.9365, 8.5117], [-72.9368, 8.514299999999999], [-72.9342, 8.513399999999999], [-72.9288, 8.516199999999998], [-72.9257, 8.5147], [-72.9223, 8.5172], [-72.91790000000002, 8.516400000000003], [-72.917, 8.5212], [-72.9113, 8.519999999999998], [-72.9094, 8.522099999999998], [-72.9039, 8.5231], [-72.8946, 8.5208], [-72.8927, 8.513900000000001], [-72.8892, 8.5126], [-72.8867, 8.5063], [-72.8795, 8.501], [-72.887, 8.4852], [-72.8911, 8.4808], [-72.892, 8.472499999999998], [-72.8955, 8.466], [-72.8937, 8.4573], [-72.8865, 8.4535], [-72.8905, 8.442500000000004], [-72.89000000000001, 8.4368], [-72.883, 8.434900000000003], [-72.8629, 8.438], [-72.8569, 8.4347], [-72.8528, 8.4347], [-72.8441, 8.4194], [-72.8379, 8.418599999999998], [-72.8387, 8.416499999999997], [-72.8345, 8.4147], [-72.8306, 8.414599999999998], [-72.8279, 8.4193], [-72.8218, 8.4185], [-72.8196, 8.422], [-72.809, 8.426999999999998], [-72.8027, 8.422899999999997], [-72.7939, 8.4242], [-72.7833, 8.432100000000002], [-72.7784, 8.430900000000001], [-72.7684, 8.424800000000001], [-72.7604, 8.424599999999998], [-72.7533, 8.418599999999998], [-72.7495, 8.418], [-72.7304, 8.4254], [-72.7267, 8.4255], [-72.7124, 8.4336], [-72.7077, 8.429199999999998], [-72.7052, 8.431899999999999], [-72.7015, 8.431], [-72.6962, 8.4384], [-72.6804, 8.424399999999999], [-72.6783, 8.425300000000002], [-72.6777, 8.428], [-72.6725, 8.4267], [-72.6593, 8.410999999999998], [-72.6524, 8.4155], [-72.6413, 8.414399999999999], [-72.6402, 8.4203], [-72.6378, 8.420599999999999], [-72.6403, 8.4229], [-72.6385, 8.4279], [-72.6351, 8.4282], [-72.6346, 8.431799999999999], [-72.6319, 8.4341], [-72.6297, 8.433099999999998], [-72.6275, 8.436500000000002], [-72.6253, 8.4371], [-72.625, 8.4396], [-72.6217, 8.440599999999996], [-72.624, 8.4434], [-72.6215, 8.444100000000002], [-72.622, 8.445599999999995], [-72.6205, 8.4463], [-72.6208, 8.4503], [-72.6184, 8.448600000000003], [-72.611, 8.429199999999998], [-72.6063, 8.426500000000003], [-72.6042, 8.4228], [-72.6044, 8.419500000000001], [-72.601, 8.4111], [-72.6045, 8.4078], [-72.6049, 8.404900000000001], [-72.6036, 8.4034], [-72.5994, 8.404300000000001], [-72.5982, 8.403299999999998], [-72.59860000000002, 8.401399999999999], [-72.6028, 8.398800000000001], [-72.5975, 8.393099999999997], [-72.59860000000002, 8.391200000000001], [-72.6046, 8.389499999999998], [-72.6098, 8.3828], [-72.6087, 8.3771], [-72.6119, 8.373500000000002], [-72.6115, 8.370000000000001], [-72.6166, 8.3678], [-72.6174, 8.361300000000002], [-72.6209, 8.360299999999999], [-72.6274, 8.365899999999998], [-72.6326, 8.3667], [-72.6333, 8.363500000000002], [-72.6385, 8.363499999999998], [-72.6433, 8.357499999999998], [-72.6476, 8.3578], [-72.6505, 8.3542], [-72.6543, 8.354200000000004], [-72.6557, 8.349], [-72.6652, 8.344099999999997], [-72.6692, 8.345], [-72.6738, 8.3411], [-72.6801, 8.3448], [-72.6833, 8.3403], [-72.6872, 8.3437], [-72.6904, 8.3395], [-72.7034, 8.3376], [-72.7085, 8.3351], [-72.7111, 8.333099999999998], [-72.7139, 8.327099999999998], [-72.7204, 8.3273], [-72.7212, 8.3253], [-72.7162, 8.318599999999998], [-72.7179, 8.314899999999998], [-72.7172, 8.311299999999996], [-72.7078, 8.309999999999999], [-72.708, 8.307700000000002], [-72.712, 8.3049], [-72.7169, 8.3067], [-72.71740000000001, 8.304200000000002], [-72.7127, 8.299599999999998], [-72.7203, 8.2957], [-72.7224, 8.2983], [-72.7242, 8.2965], [-72.7305, 8.298999999999998], [-72.74, 8.296199999999999], [-72.7469, 8.278300000000002], [-72.74850000000002, 8.269899999999998], [-72.7457, 8.2658], [-72.74, 8.265099999999999], [-72.7353, 8.2625], [-72.7301, 8.2542], [-72.7265, 8.2512], [-72.7208, 8.264599999999998], [-72.7119, 8.268199999999997], [-72.7112, 8.2761], [-72.7082, 8.279300000000001], [-72.7039, 8.278000000000002], [-72.6978, 8.272899999999998], [-72.6936, 8.272899999999998], [-72.6907, 8.286400000000002], [-72.6785, 8.2876], [-72.6756, 8.2929], [-72.6765, 8.2954], [-72.6744, 8.295599999999999], [-72.6743, 8.299500000000002], [-72.6712, 8.300600000000001], [-72.6707, 8.302599999999996], [-72.6657, 8.303499999999998], [-72.6633, 8.299600000000002], [-72.6564, 8.298], [-72.6566, 8.2963], [-72.6551, 8.2965], [-72.6548, 8.295], [-72.65, 8.296000000000001], [-72.6496, 8.298899999999998], [-72.6449, 8.302499999999998], [-72.6475, 8.304], [-72.646, 8.3048], [-72.6461, 8.309499999999998], [-72.6417, 8.3118], [-72.63950000000001, 8.3095], [-72.6374, 8.312099999999996], [-72.6353, 8.3074], [-72.6299, 8.3079], [-72.626, 8.312799999999996], [-72.6214, 8.310900000000002], [-72.6175, 8.315899999999997], [-72.6098, 8.316], [-72.6027, 8.3234], [-72.603, 8.321], [-72.601, 8.320199999999996], [-72.6008, 8.318199999999996], [-72.6018, 8.3153], [-72.6043, 8.313900000000002], [-72.6003, 8.311399999999999], [-72.6008, 8.3099], [-72.603, 8.310099999999998], [-72.6011, 8.308], [-72.603, 8.304699999999997], [-72.6, 8.3023], [-72.6021, 8.297], [-72.6062, 8.2976], [-72.6049, 8.2907], [-72.6065, 8.2894], [-72.6042, 8.2874], [-72.6081, 8.2805], [-72.6051, 8.275999999999998], [-72.61290000000001, 8.2719], [-72.617, 8.2736], [-72.6158, 8.2682], [-72.6176, 8.266000000000002], [-72.6124, 8.2608], [-72.6126, 8.259299999999998], [-72.6024, 8.2579], [-72.599, 8.254500000000002], [-72.5999, 8.253199999999998], [-72.5968, 8.250299999999998], [-72.5977, 8.246599999999999], [-72.5963, 8.243599999999999], [-72.6005, 8.2372], [-72.6036, 8.2367], [-72.6061, 8.2341], [-72.6074, 8.225999999999999], [-72.6109, 8.2249], [-72.61290000000001, 8.2264], [-72.618, 8.226499999999998], [-72.6202, 8.223799999999999], [-72.6272, 8.2234], [-72.63, 8.220799999999999], [-72.6343, 8.221300000000001], [-72.6357, 8.2192], [-72.6423, 8.2205], [-72.6456, 8.2188], [-72.6484, 8.220899999999997], [-72.6519, 8.209199999999997], [-72.6539, 8.207199999999998], [-72.6536, 8.1962], [-72.656, 8.1921], [-72.6545, 8.186899999999998], [-72.6574, 8.181499999999996], [-72.6561, 8.1794], [-72.6475, 8.178899999999999], [-72.6464, 8.176899999999998], [-72.648, 8.169899999999998], [-72.6451, 8.164000000000003], [-72.6505, 8.153399999999998], [-72.6497, 8.150899999999998], [-72.6528, 8.1481], [-72.6592, 8.1466], [-72.659, 8.1421], [-72.6675, 8.1422], [-72.6733, 8.1394], [-72.6801, 8.140299999999998], [-72.683, 8.137900000000002], [-72.6867, 8.1376], [-72.6858, 8.1355], [-72.688, 8.133200000000002], [-72.6884, 8.122900000000001], [-72.69010000000002, 8.121], [-72.6912, 8.114100000000002], [-72.6926, 8.112200000000001], [-72.6979, 8.1107], [-72.7043, 8.101499999999998], [-72.7049, 8.0965], [-72.7033, 8.0953], [-72.7057, 8.0939], [-72.7064, 8.087100000000001], [-72.709, 8.083999999999998], [-72.7107, 8.069799999999999], [-72.71800000000002, 8.058499999999999], [-72.7336, 8.043899999999997], [-72.7418, 8.042099999999996], [-72.7373, 8.038400000000001], [-72.7406, 8.028800000000002], [-72.7469, 8.020199999999999], [-72.7625, 8.0142], [-72.7662, 8.000199999999998], [-72.7714, 7.999700000000001], [-72.7728, 8.0014], [-72.7801, 8.0018], [-72.7813, 8.0037], [-72.7855, 8.002100000000004], [-72.7863, 8.004799999999996], [-72.79330000000002, 8.005999999999998], [-72.796, 8.0049], [-72.798, 8.001699999999996], [-72.8118, 7.9991], [-72.821, 7.994100000000001], [-72.8239, 7.996700000000001], [-72.8248, 8.003900000000002], [-72.8285, 8.008700000000001], [-72.8331, 8.0058], [-72.8356, 8.0062], [-72.8406, 8.015999999999998], [-72.84650000000002, 8.016899999999996], [-72.852, 8.0261], [-72.8543, 8.0254], [-72.8504, 8.0297], [-72.851, 8.0317], [-72.8462, 8.0343], [-72.84650000000002, 8.0367], [-72.8435, 8.036499999999998], [-72.8438, 8.038299999999998], [-72.83810000000001, 8.0439], [-72.835, 8.0497], [-72.8354, 8.0518], [-72.8334, 8.053600000000001], [-72.8364, 8.055899999999998], [-72.83680000000001, 8.063199999999998], [-72.8388, 8.0656], [-72.8357, 8.0669], [-72.8342, 8.077099999999996], [-72.8383, 8.0785], [-72.8382, 8.081499999999998], [-72.8415, 8.0801], [-72.8453, 8.082499999999998], [-72.8432, 8.088], [-72.8449, 8.0901], [-72.8522, 8.088299999999998], [-72.8539, 8.086299999999998], [-72.8584, 8.0876], [-72.8613, 8.095], [-72.86, 8.0998], [-72.8644, 8.103100000000001], [-72.8632, 8.106699999999998], [-72.8653, 8.1103], [-72.8749, 8.1094], [-72.8734, 8.1121], [-72.8749, 8.114900000000002], [-72.873, 8.117099999999999], [-72.8778, 8.1173], [-72.873, 8.120899999999999], [-72.8769, 8.122499999999999], [-72.8767, 8.130900000000002], [-72.8782, 8.1317], [-72.8792, 8.1298], [-72.8828, 8.128500000000003], [-72.8865, 8.133300000000002], [-72.8959, 8.1347], [-72.8992, 8.140399999999998], [-72.9025, 8.140999999999998], [-72.9031, 8.1437], [-72.9064, 8.143200000000004], [-72.9076, 8.1445], [-72.9114, 8.140999999999998], [-72.9129, 8.1469], [-72.9168, 8.1513], [-72.9165, 8.155199999999999], [-72.9204, 8.1585], [-72.9267, 8.157300000000001], [-72.926, 8.1624], [-72.9311, 8.165600000000001], [-72.9316, 8.168300000000002], [-72.9334, 8.1695], [-72.9355, 8.1673], [-72.9354, 8.170999999999998], [-72.9446, 8.1729], [-72.9448, 8.174699999999998], [-72.9473, 8.175299999999998], [-72.9531, 8.1825], [-72.9605, 8.1875]]]]}}, {"id": "11", "type": "Feature", "properties": {"gid": "COL.23.36_2", "name": "Teorama", "label": "Teorama", "municipio": "Teorama", "departamento": "NortedeSantander", "year": 2021, "predicted_ha": 2767.441442711475, "official_ha": 3714.85, "ratio": 0.7449672107114621, "pred_oof_ha": 2113.7939966091044, "pred_density": 0.02969769460220746, "official_density": 0.0433781187687209, "oof_px": 1779426, "canvas_px": 2329677, "oof_share_of_canvas": 0.7638080300402159, "canvas_share_hint": 93187.08, "model_rank": 6.0, "official_rank": 4.0, "in_ranking": true}, "geometry": {"type": "MultiPolygon", "coordinates": [[[[-73.3243, 8.404899999999998], [-73.3235, 8.4116], [-73.3357, 8.4183], [-73.33710000000002, 8.4224], [-73.3369, 8.4274], [-73.3342, 8.431599999999998], [-73.3302, 8.433], [-73.3295, 8.4383], [-73.3268, 8.440299999999999], [-73.3281, 8.442899999999998], [-73.3258, 8.447899999999999], [-73.3266, 8.4491], [-73.3252, 8.4492], [-73.3255, 8.4529], [-73.3234, 8.452699999999998], [-73.3239, 8.454699999999997], [-73.3225, 8.4545], [-73.3204, 8.458599999999999], [-73.3197, 8.457300000000002], [-73.3186, 8.458300000000001], [-73.3195, 8.463299999999998], [-73.3181, 8.466100000000003], [-73.3135, 8.468800000000002], [-73.3149, 8.474099999999998], [-73.31310000000002, 8.477199999999998], [-73.3065, 8.477100000000002], [-73.3077, 8.479999999999999], [-73.3063, 8.4822], [-73.3019, 8.482199999999999], [-73.2995, 8.479800000000001], [-73.2997, 8.483899999999997], [-73.2976, 8.4841], [-73.2935, 8.4884], [-73.2871, 8.4894], [-73.284, 8.486599999999997], [-73.2914, 8.499499999999998], [-73.29, 8.505299999999997], [-73.2954, 8.5099], [-73.2921, 8.517900000000001], [-73.2978, 8.5222], [-73.2953, 8.5431], [-73.3129, 8.5533], [-73.3128, 8.561099999999998], [-73.3158, 8.5672], [-73.3092, 8.585399999999998], [-73.3025, 8.591299999999999], [-73.3047, 8.599399999999996], [-73.298, 8.623299999999999], [-73.289, 8.6245], [-73.2775, 8.631900000000002], [-73.2738, 8.641299999999998], [-73.2539, 8.6589], [-73.2508, 8.6646], [-73.2503, 8.6746], [-73.2482, 8.682499999999997], [-73.2424, 8.687099999999996], [-73.2442, 8.690899999999997], [-73.2433, 8.694399999999998], [-73.2467, 8.7107], [-73.2487, 8.713500000000002], [-73.2457, 8.718999999999998], [-73.2461, 8.7302], [-73.23330000000001, 8.740500000000003], [-73.2316, 8.7502], [-73.2348, 8.759499999999996], [-73.2343, 8.7632], [-73.231, 8.7664], [-73.2283, 8.7747], [-73.2218, 8.7841], [-73.2154, 8.786899999999997], [-73.2141, 8.796], [-73.2117, 8.8], [-73.2136, 8.8038], [-73.2131, 8.8084], [-73.196, 8.8218], [-73.1906, 8.831499999999997], [-73.1825, 8.8414], [-73.1749, 8.846], [-73.1633, 8.8564], [-73.1575, 8.857], [-73.1546, 8.864699999999996], [-73.1562, 8.8773], [-73.154, 8.8788], [-73.1468, 8.878700000000002], [-73.1497, 8.891199999999998], [-73.1344, 8.8985], [-73.1337, 8.9069], [-73.1471, 8.9127], [-73.1486, 8.919299999999996], [-73.1603, 8.9269], [-73.16130000000001, 8.934400000000002], [-73.1595, 8.9426], [-73.1597, 8.9506], [-73.1542, 8.960700000000001], [-73.154, 8.964999999999998], [-73.1501, 8.9675], [-73.1444, 8.9684], [-73.146, 8.976899999999999], [-73.1438, 8.9784], [-73.1432, 8.9816], [-73.1377, 8.9859], [-73.1343, 8.997999999999998], [-73.13470000000001, 9.006600000000002], [-73.1288, 9.0176], [-73.1189, 9.0258], [-73.1192, 9.0305], [-73.1166, 9.0376], [-73.1018, 9.050799999999999], [-73.0968, 9.052799999999998], [-73.0817, 9.053000000000003], [-73.0749, 9.0553], [-73.0683, 9.055399999999997], [-73.065, 9.0685], [-73.0508, 9.0742], [-73.0449, 9.080300000000001], [-73.0404, 9.0774], [-73.0325, 9.059000000000001], [-73.0246, 9.0599], [-73.0204, 9.0554], [-73.0127, 9.0569], [-73.0115, 9.0632], [-73.0082, 9.064999999999996], [-73.0084, 9.070699999999999], [-73.0017, 9.076000000000002], [-73.0042, 9.0806], [-73.0015, 9.080600000000002], [-73.0002, 9.0827], [-73.0005, 9.0851], [-73.0023, 9.085099999999999], [-73.0053, 9.0884], [-73.0057, 9.0939], [-73.0037, 9.0949], [-73.0029, 9.0977], [-73.0064, 9.1001], [-73.0038, 9.102800000000002], [-73.0065, 9.110799999999998], [-73.0042, 9.1099], [-73.0066, 9.112500000000002], [-73.0048, 9.114099999999999], [-73.0067, 9.118], [-73.0099, 9.116700000000002], [-73.0156, 9.122099999999996], [-73.011, 9.126], [-73.0144, 9.129], [-73.013, 9.130700000000001], [-73.0071, 9.1312], [-73.0074, 9.134300000000001], [-73.0102, 9.136599999999998], [-73.0083, 9.1375], [-73.0077, 9.141099999999998], [-73.0055, 9.142900000000001], [-73.0092, 9.145699999999998], [-73.0083, 9.147799999999997], [-73.0018, 9.1458], [-73.0004, 9.1429], [-72.9924, 9.1453], [-72.9908, 9.147099999999998], [-72.9868, 9.1465], [-72.9858, 9.1429], [-72.9719, 9.136499999999998], [-72.9693, 9.1293], [-72.9649, 9.125800000000002], [-72.96, 9.114299999999997], [-72.9528, 9.107600000000001], [-72.9472, 9.106299999999997], [-72.9467, 9.102699999999997], [-72.9509, 9.0976], [-72.9473, 9.0926], [-72.9519, 9.092899999999998], [-72.9539, 9.089799999999999], [-72.9574, 9.0888], [-72.9621, 9.081299999999999], [-72.9619, 9.075499999999998], [-72.9593, 9.072500000000002], [-72.96, 9.069399999999998], [-72.9538, 9.066200000000002], [-72.9529, 9.063400000000001], [-72.9496, 9.063599999999996], [-72.9453, 9.0604], [-72.9418, 9.0608], [-72.93800000000002, 9.058699999999998], [-72.9316, 9.05], [-72.9306, 9.0448], [-72.9342, 9.0433], [-72.9477, 9.0299], [-72.9472, 9.0277], [-72.9497, 9.0238], [-72.9531, 9.024999999999997], [-72.9639, 9.023599999999998], [-72.97110000000002, 9.020099999999998], [-72.9808, 9.027599999999998], [-72.9809, 9.0292], [-72.9848, 9.0279], [-72.9883, 9.0309], [-72.9886, 9.0345], [-72.993, 9.040699999999998], [-73.0539, 8.9897], [-73.0646, 8.9831], [-73.06650000000002, 8.9673], [-73.064, 8.961000000000002], [-73.0672, 8.958199999999998], [-73.0692, 8.949699999999998], [-73.0677, 8.9433], [-73.0694, 8.936900000000001], [-73.0692, 8.9254], [-73.0734, 8.920499999999999], [-73.0715, 8.9185], [-73.0656, 8.9172], [-73.0655, 8.9138], [-73.0615, 8.9072], [-73.0625, 8.8986], [-73.0563, 8.8903], [-73.0531, 8.8889], [-73.0553, 8.8862], [-73.0516, 8.875899999999998], [-73.0584, 8.871700000000002], [-73.0598, 8.866099999999998], [-73.0623, 8.8662], [-73.0667, 8.854000000000001], [-73.06520000000002, 8.8454], [-73.0612, 8.8403], [-73.0551, 8.8362], [-73.0537, 8.8259], [-73.0474, 8.812199999999997], [-73.052, 8.802599999999998], [-73.0542, 8.788], [-73.0512, 8.778199999999998], [-73.0515, 8.773300000000003], [-73.0565, 8.764900000000004], [-73.0604, 8.766499999999999], [-73.0698, 8.762000000000002], [-73.0686, 8.7554], [-73.07, 8.7529], [-73.076, 8.754800000000001], [-73.0812, 8.7597], [-73.0928, 8.756500000000003], [-73.0976, 8.745400000000002], [-73.0972, 8.7406], [-73.0992, 8.7385], [-73.0984, 8.7267], [-73.0997, 8.725499999999998], [-73.0975, 8.719700000000001], [-73.1021, 8.716899999999999], [-73.1037, 8.7138], [-73.1082, 8.713], [-73.1106, 8.708299999999998], [-73.1197, 8.699800000000002], [-73.12, 8.696099999999996], [-73.1279, 8.6949], [-73.1306, 8.690000000000001], [-73.1356, 8.686800000000002], [-73.1434, 8.676499999999999], [-73.1476, 8.6743], [-73.1501, 8.6645], [-73.1489, 8.6584], [-73.1532, 8.652799999999997], [-73.1558, 8.631299999999996], [-73.1637, 8.622399999999997], [-73.1664, 8.6171], [-73.1626, 8.6124], [-73.1634, 8.607799999999997], [-73.1653, 8.607099999999999], [-73.1642, 8.6033], [-73.1621, 8.603800000000001], [-73.1604, 8.599899999999998], [-73.157, 8.6001], [-73.15870000000001, 8.596099999999998], [-73.1584, 8.5913], [-73.1616, 8.5875], [-73.1612, 8.585500000000001], [-73.1579, 8.5844], [-73.1579, 8.5782], [-73.161, 8.574999999999998], [-73.1576, 8.572500000000002], [-73.1655, 8.564399999999997], [-73.1702, 8.554399999999998], [-73.1758, 8.5533], [-73.1858, 8.556200000000002], [-73.1977, 8.5542], [-73.2018, 8.5513], [-73.2015, 8.545], [-73.2056, 8.5399], [-73.2204, 8.5302], [-73.2243, 8.516300000000001], [-73.2185, 8.5085], [-73.2175, 8.499199999999998], [-73.2212, 8.493699999999999], [-73.2305, 8.4894], [-73.23330000000001, 8.4863], [-73.2349, 8.470700000000003], [-73.2515, 8.4699], [-73.2463, 8.461500000000001], [-73.2474, 8.452799999999998], [-73.2464, 8.4491], [-73.2534, 8.450999999999999], [-73.2527, 8.453399999999997], [-73.2555, 8.457000000000003], [-73.2582, 8.456100000000001], [-73.2596, 8.4609], [-73.2624, 8.458899999999998], [-73.269, 8.459799999999996], [-73.2687, 8.457000000000003], [-73.2717, 8.452399999999999], [-73.2673, 8.4435], [-73.2617, 8.4394], [-73.261, 8.4335], [-73.2632, 8.431399999999998], [-73.2617, 8.430400000000002], [-73.263, 8.427299999999999], [-73.2671, 8.4272], [-73.2711, 8.4222], [-73.2714, 8.418499999999998], [-73.2745, 8.416600000000003], [-73.2734, 8.412900000000002], [-73.2714, 8.411999999999999], [-73.2721, 8.408599999999998], [-73.2737, 8.4079], [-73.276, 8.409899999999999], [-73.2772, 8.407999999999998], [-73.2761, 8.4056], [-73.2789, 8.403700000000002], [-73.2756, 8.401399999999999], [-73.2737, 8.3973], [-73.2753, 8.393700000000003], [-73.2745, 8.388100000000001], [-73.2795, 8.3915], [-73.2809, 8.3953], [-73.2858, 8.395199999999999], [-73.2877, 8.3994], [-73.2924, 8.3886], [-73.297, 8.383299999999998], [-73.2973, 8.3799], [-73.3011, 8.376499999999998], [-73.3066, 8.376799999999998], [-73.3075, 8.3746], [-73.3096, 8.374899999999998], [-73.3119, 8.3725], [-73.3201, 8.382], [-73.3183, 8.3877], [-73.319, 8.4005], [-73.3219, 8.4043], [-73.3243, 8.404899999999998]]]]}}, {"id": "12", "type": "Feature", "properties": {"gid": "COL.23.37_2", "name": "Tib\u00fa", "label": "Tib\u00fa", "municipio": "Tib\u00fa", "departamento": "NortedeSantander", "year": 2021, "predicted_ha": 21569.827173964895, "official_ha": 22229.6, "ratio": 0.9703200765630015, "pred_oof_ha": 15498.123440043666, "pred_density": 0.08101057530350063, "official_density": 0.09044979336103018, "oof_px": 4782747, "canvas_px": 6656485, "oof_share_of_canvas": 0.7185093934711788, "canvas_share_hint": 266259.4, "model_rank": 2.0, "official_rank": 2.0, "in_ranking": true}, "geometry": {"type": "MultiPolygon", "coordinates": [[[[-73.0178, 8.5477], [-73.0181, 8.5537], [-73.0162, 8.5584], [-72.98990000000002, 8.578999999999999], [-72.9784, 8.582199999999998], [-72.9721, 8.5822], [-72.9663, 8.586199999999998], [-72.9577, 8.5873], [-72.9535, 8.586299999999998], [-72.9524, 8.582900000000002], [-72.9494, 8.582900000000002], [-72.947, 8.578899999999999], [-72.9412, 8.577099999999998], [-72.9379, 8.573999999999998], [-72.9321, 8.577800000000002], [-72.929, 8.577800000000003], [-72.9161, 8.583299999999996], [-72.9119, 8.588300000000002], [-72.9055, 8.601499999999998], [-72.9098, 8.603399999999999], [-72.9056, 8.610299999999999], [-72.9086, 8.610299999999999], [-72.9076, 8.6156], [-72.9118, 8.6226], [-72.91, 8.6258], [-72.9123, 8.6255], [-72.9141, 8.631900000000002], [-72.9129, 8.633999999999999], [-72.9149, 8.6352], [-72.9088, 8.6377], [-72.9137, 8.640599999999997], [-72.9167, 8.6401], [-72.9114, 8.644399999999997], [-72.9133, 8.645400000000002], [-72.9145, 8.6491], [-72.9175, 8.647999999999998], [-72.9176, 8.653999999999998], [-72.9145, 8.6575], [-72.9178, 8.656899999999998], [-72.9182, 8.6614], [-72.9141, 8.661699999999998], [-72.911, 8.666499999999997], [-72.9159, 8.667399999999999], [-72.917, 8.6702], [-72.9187, 8.6689], [-72.9202, 8.6749], [-72.9183, 8.678199999999999], [-72.9229, 8.680100000000001], [-72.925, 8.686800000000002], [-72.9229, 8.6913], [-72.9205, 8.687199999999997], [-72.9184, 8.6859], [-72.9163, 8.686600000000002], [-72.9139, 8.687999999999999], [-72.91530000000002, 8.689499999999999], [-72.9137, 8.6929], [-72.9165, 8.6933], [-72.9157, 8.6916], [-72.9172, 8.6908], [-72.9217, 8.692700000000002], [-72.9202, 8.6957], [-72.9207, 8.702699999999997], [-72.915, 8.703700000000001], [-72.9196, 8.706199999999999], [-72.91660000000002, 8.711899999999998], [-72.9263, 8.728700000000002], [-72.9404, 8.736199999999998], [-72.9412, 8.7583], [-72.9431, 8.7589], [-72.946, 8.7565], [-72.9547, 8.754999999999999], [-72.9599, 8.763999999999998], [-72.9549, 8.7838], [-72.9523, 8.7854], [-72.9437, 8.783700000000001], [-72.9427, 8.7892], [-72.9449, 8.7935], [-72.9514, 8.7961], [-72.9531, 8.802999999999999], [-72.9656, 8.8101], [-72.9639, 8.815], [-72.9531, 8.827699999999998], [-72.9471, 8.8387], [-72.9496, 8.8427], [-72.9511, 8.8498], [-72.9534, 8.852], [-72.9635, 8.8531], [-72.9664, 8.8557], [-72.9671, 8.863599999999998], [-72.9716, 8.858099999999997], [-72.9754, 8.858500000000001], [-72.9746, 8.864], [-72.9697, 8.872100000000001], [-72.97110000000002, 8.8776], [-72.9692, 8.885], [-72.9703, 8.8891], [-72.9716, 8.8835], [-72.985, 8.8821], [-72.9869, 8.880599999999998], [-72.9902, 8.8828], [-72.9935, 8.879000000000001], [-72.9992, 8.884400000000001], [-73.0015, 8.884799999999998], [-73.0029, 8.888399999999999], [-73.01140000000001, 8.8788], [-73.0197, 8.876199999999999], [-73.0214, 8.877399999999998], [-73.023, 8.874199999999998], [-73.0268, 8.8756], [-73.0443, 8.8661], [-73.0553, 8.8645], [-73.0591, 8.867900000000002], [-73.0584, 8.871700000000002], [-73.0516, 8.875899999999998], [-73.0553, 8.8862], [-73.0531, 8.8889], [-73.0563, 8.8903], [-73.0625, 8.8986], [-73.0615, 8.9072], [-73.0655, 8.9138], [-73.0656, 8.9172], [-73.0715, 8.9185], [-73.0734, 8.920499999999999], [-73.0692, 8.9254], [-73.0694, 8.936900000000001], [-73.0677, 8.9433], [-73.0692, 8.949699999999998], [-73.0672, 8.958199999999998], [-73.064, 8.961000000000002], [-73.06650000000002, 8.9673], [-73.0648, 8.982500000000002], [-73.0539, 8.9897], [-72.993, 9.040699999999998], [-72.9886, 9.0345], [-72.9883, 9.0309], [-72.9848, 9.0279], [-72.9809, 9.0292], [-72.9808, 9.027599999999998], [-72.9782, 9.026699999999998], [-72.9722, 9.020199999999999], [-72.9639, 9.023599999999998], [-72.9531, 9.024999999999997], [-72.9497, 9.0238], [-72.9472, 9.0277], [-72.9477, 9.0299], [-72.9342, 9.0433], [-72.9306, 9.0448], [-72.9316, 9.05], [-72.93800000000002, 9.058699999999998], [-72.9418, 9.0608], [-72.9453, 9.0604], [-72.9496, 9.063599999999996], [-72.9529, 9.063400000000001], [-72.9538, 9.066200000000002], [-72.9602, 9.069900000000004], [-72.9591, 9.072], [-72.9619, 9.075499999999998], [-72.9621, 9.081299999999999], [-72.9574, 9.0888], [-72.9539, 9.089799999999999], [-72.9519, 9.092899999999998], [-72.9384, 9.091300000000002], [-72.9358, 9.0857], [-72.932, 9.083499999999999], [-72.9209, 9.088899999999999], [-72.9195, 9.0944], [-72.9148, 9.093999999999998], [-72.9067, 9.0982], [-72.8962, 9.0988], [-72.8939, 9.1042], [-72.888, 9.103899999999998], [-72.8858, 9.1052], [-72.8834, 9.112199999999998], [-72.8866, 9.114900000000002], [-72.8843, 9.1183], [-72.8829, 9.130599999999998], [-72.8803, 9.1338], [-72.8677, 9.129999999999999], [-72.84520000000002, 9.1314], [-72.8332, 9.122399999999999], [-72.8217, 9.122900000000001], [-72.8207, 9.126199999999999], [-72.8243, 9.136899999999999], [-72.8234, 9.141399999999999], [-72.8202, 9.141799999999998], [-72.81600000000002, 9.136699999999998], [-72.8111, 9.135600000000004], [-72.8069, 9.128400000000001], [-72.8077, 9.124800000000002], [-72.8114, 9.1228], [-72.8107, 9.1203], [-72.8043, 9.1231], [-72.7953, 9.1222], [-72.7971, 9.1188], [-72.7956, 9.1164], [-72.7983, 9.1085], [-72.7952, 9.1041], [-72.7896, 9.107499999999998], [-72.7861, 9.115900000000002], [-72.777, 9.1159], [-72.7749, 9.1134], [-72.7754, 9.1055], [-72.7724, 9.1044], [-72.7695, 9.106699999999998], [-72.7665, 9.106899999999998], [-72.7623, 9.0958], [-72.763, 9.092299999999998], [-72.7723, 9.0905], [-72.7725, 9.0872], [-72.76860000000002, 9.084999999999999], [-72.764, 9.086899999999998], [-72.7606, 9.081800000000001], [-72.7286, 8.934399999999998], [-72.7044, 8.834900000000001], [-72.7012, 8.8137], [-72.6836, 8.7614], [-72.6794, 8.753199999999998], [-72.6745, 8.704], [-72.6561, 8.6231], [-72.6576, 8.6247], [-72.659, 8.624799999999999], [-72.6583, 8.6216], [-72.657, 8.622300000000001], [-72.6555, 8.620500000000002], [-72.6538, 8.613699999999998], [-72.6498, 8.613], [-72.6425, 8.6083], [-72.6387, 8.608099999999999], [-72.6346, 8.600499999999998], [-72.6332, 8.6013], [-72.6341, 8.6039], [-72.6328, 8.6067], [-72.6282, 8.6059], [-72.6257, 8.6012], [-72.6319, 8.5997], [-72.6314, 8.5972], [-72.6166, 8.5947], [-72.6106, 8.584799999999996], [-72.4711, 8.4316], [-72.4741, 8.430099999999998], [-72.476, 8.4267], [-72.4779, 8.4273], [-72.4781, 8.4302], [-72.4819, 8.4296], [-72.4854, 8.424199999999997], [-72.4866, 8.418899999999999], [-72.49540000000002, 8.4182], [-72.4951, 8.409], [-72.5, 8.409199999999998], [-72.5044, 8.4055], [-72.504, 8.400599999999999], [-72.502, 8.397900000000002], [-72.508, 8.4017], [-72.5106, 8.4], [-72.5135, 8.402699999999998], [-72.5215, 8.401800000000001], [-72.5224, 8.3919], [-72.5193, 8.388499999999999], [-72.5196, 8.377799999999999], [-72.521, 8.368299999999998], [-72.5267, 8.3658], [-72.5294, 8.358600000000001], [-72.5283, 8.3489], [-72.5308, 8.340500000000002], [-72.529, 8.330199999999998], [-72.5317, 8.3107], [-72.54020000000001, 8.3136], [-72.5463, 8.319200000000002], [-72.5462, 8.321199999999997], [-72.548, 8.321799999999998], [-72.5484, 8.338499999999998], [-72.5574, 8.337899999999998], [-72.5616, 8.3446], [-72.57070000000002, 8.351], [-72.5686, 8.3542], [-72.5736, 8.3667], [-72.5835, 8.3685], [-72.5854, 8.373200000000002], [-72.5854, 8.3651], [-72.5834, 8.3622], [-72.5847, 8.3548], [-72.5835, 8.3532], [-72.5865, 8.351899999999997], [-72.5845, 8.3498], [-72.587, 8.3483], [-72.5872, 8.3463], [-72.5899, 8.3456], [-72.5883, 8.342700000000002], [-72.5913, 8.341800000000003], [-72.5896, 8.3388], [-72.58630000000001, 8.341899999999999], [-72.5869, 8.338100000000003], [-72.5886, 8.3377], [-72.5895, 8.331499999999997], [-72.5884, 8.3282], [-72.5958, 8.330999999999998], [-72.6, 8.3297], [-72.6034, 8.3274], [-72.6031, 8.322299999999998], [-72.6098, 8.316], [-72.6175, 8.315899999999997], [-72.6214, 8.310900000000002], [-72.626, 8.312799999999996], [-72.6299, 8.3079], [-72.6353, 8.3074], [-72.6374, 8.312099999999996], [-72.63950000000001, 8.3095], [-72.6413, 8.311700000000002], [-72.6431, 8.311099999999998], [-72.6462, 8.309500000000002], [-72.646, 8.3048], [-72.6475, 8.304], [-72.6449, 8.302499999999998], [-72.6496, 8.298899999999998], [-72.65, 8.296000000000001], [-72.6548, 8.295], [-72.6551, 8.2965], [-72.6566, 8.2963], [-72.6564, 8.298], [-72.6633, 8.299600000000002], [-72.6657, 8.303499999999998], [-72.6703, 8.302800000000001], [-72.6712, 8.300600000000001], [-72.6743, 8.299500000000002], [-72.6744, 8.295599999999999], [-72.6765, 8.2954], [-72.6756, 8.2929], [-72.6785, 8.2876], [-72.6907, 8.286400000000002], [-72.6936, 8.272899999999998], [-72.6978, 8.272899999999998], [-72.7039, 8.278000000000002], [-72.7082, 8.279300000000001], [-72.7112, 8.2761], [-72.7119, 8.268199999999997], [-72.7208, 8.264599999999998], [-72.7255, 8.2526], [-72.7273, 8.2513], [-72.7353, 8.2625], [-72.74, 8.265099999999999], [-72.7457, 8.2658], [-72.74850000000002, 8.2705], [-72.7423, 8.2926], [-72.74, 8.296199999999999], [-72.7305, 8.298999999999998], [-72.7242, 8.2965], [-72.7224, 8.2983], [-72.7203, 8.2957], [-72.7127, 8.299599999999998], [-72.71740000000001, 8.304200000000002], [-72.7169, 8.3067], [-72.712, 8.3049], [-72.708, 8.307700000000002], [-72.7078, 8.309999999999999], [-72.7172, 8.311299999999996], [-72.7179, 8.314899999999998], [-72.7162, 8.318599999999998], [-72.7212, 8.3253], [-72.7208, 8.326899999999998], [-72.7139, 8.327099999999998], [-72.7111, 8.333099999999998], [-72.7085, 8.3351], [-72.7034, 8.3376], [-72.6904, 8.3395], [-72.6872, 8.3437], [-72.6833, 8.3403], [-72.6801, 8.3448], [-72.6738, 8.3411], [-72.6692, 8.345], [-72.6652, 8.344099999999997], [-72.6557, 8.349], [-72.6543, 8.354200000000004], [-72.6505, 8.3542], [-72.6476, 8.3578], [-72.6433, 8.357499999999998], [-72.6385, 8.363499999999998], [-72.6333, 8.363500000000002], [-72.6326, 8.3667], [-72.6283, 8.366399999999999], [-72.6214, 8.360600000000002], [-72.61810000000001, 8.360499999999998], [-72.6166, 8.3678], [-72.6115, 8.370000000000001], [-72.6119, 8.373500000000002], [-72.6087, 8.3771], [-72.6098, 8.3828], [-72.6046, 8.389499999999998], [-72.5976, 8.3922], [-72.6028, 8.398800000000001], [-72.59860000000002, 8.401399999999999], [-72.5982, 8.403299999999998], [-72.5994, 8.404300000000001], [-72.6036, 8.4034], [-72.6049, 8.404900000000001], [-72.6045, 8.4078], [-72.601, 8.4111], [-72.6044, 8.419500000000001], [-72.6042, 8.4228], [-72.6063, 8.426500000000003], [-72.611, 8.429199999999998], [-72.6198, 8.4501], [-72.6208, 8.4503], [-72.6215, 8.444100000000002], [-72.624, 8.4434], [-72.6217, 8.440599999999996], [-72.625, 8.4396], [-72.6253, 8.4371], [-72.6275, 8.436500000000002], [-72.6297, 8.433099999999998], [-72.6319, 8.4341], [-72.6346, 8.431799999999999], [-72.6351, 8.4282], [-72.6385, 8.4279], [-72.6403, 8.4229], [-72.6378, 8.420599999999999], [-72.6402, 8.4203], [-72.641, 8.414599999999997], [-72.6529, 8.4154], [-72.6548, 8.412899999999999], [-72.6563, 8.413600000000002], [-72.6561, 8.411900000000001], [-72.6593, 8.410999999999998], [-72.6725, 8.4267], [-72.6777, 8.428], [-72.6783, 8.425300000000002], [-72.6804, 8.424399999999999], [-72.6962, 8.4384], [-72.7015, 8.431], [-72.7052, 8.431899999999999], [-72.7077, 8.429199999999998], [-72.7124, 8.4336], [-72.7267, 8.4255], [-72.7304, 8.4254], [-72.7495, 8.418], [-72.7533, 8.418599999999998], [-72.7604, 8.424599999999998], [-72.7684, 8.424800000000001], [-72.7784, 8.430900000000001], [-72.7833, 8.432100000000002], [-72.7939, 8.4242], [-72.8027, 8.422899999999997], [-72.809, 8.426999999999998], [-72.8196, 8.422], [-72.8218, 8.4185], [-72.8279, 8.4193], [-72.8306, 8.414599999999998], [-72.8345, 8.4147], [-72.8387, 8.416499999999997], [-72.8379, 8.418599999999998], [-72.8441, 8.4194], [-72.8528, 8.4347], [-72.8569, 8.4347], [-72.8629, 8.438], [-72.883, 8.434900000000003], [-72.89000000000001, 8.4368], [-72.8905, 8.442500000000004], [-72.8865, 8.4535], [-72.8937, 8.4573], [-72.8955, 8.466], [-72.892, 8.472499999999998], [-72.8911, 8.4808], [-72.887, 8.4852], [-72.8795, 8.501], [-72.8867, 8.5063], [-72.8892, 8.5126], [-72.8927, 8.513900000000001], [-72.8946, 8.5208], [-72.9039, 8.5231], [-72.9094, 8.522099999999998], [-72.9113, 8.519999999999998], [-72.917, 8.5212], [-72.91790000000002, 8.516400000000003], [-72.9223, 8.5172], [-72.9257, 8.5147], [-72.9288, 8.516199999999998], [-72.9342, 8.513399999999999], [-72.9368, 8.514299999999999], [-72.9365, 8.5117], [-72.9405, 8.5123], [-72.9439, 8.5106], [-72.9424, 8.509199999999998], [-72.9427, 8.506], [-72.9397, 8.5061], [-72.9358, 8.4991], [-72.93930000000002, 8.4924], [-72.9413, 8.4916], [-72.9429, 8.4773], [-72.9647, 8.4709], [-72.976, 8.4895], [-72.9784, 8.490299999999998], [-72.984, 8.488300000000002], [-72.9942, 8.495500000000002], [-72.9923, 8.5108], [-73.0001, 8.520500000000002], [-73.003, 8.528], [-73.0067, 8.531899999999998], [-73.0091, 8.540699999999998], [-73.0161, 8.5449], [-73.0178, 8.5477]]]]}}]}