{
"type": "FeatureCollection",
"name": "municipal_coca_2024",
"crs": { "type": "name", "properties": { "name": "urn:ogc:def:crs:EPSG::32618" } },
"features": [
{ "type": "Feature", "properties": { "gid": "COL.23.9_2", "name": "Convención", "municipio": "Convención", "departamento": "NortedeSantander", "year": 2024, "predicted_ha": 1011.8279500786961, "official_ha": 1847.67, "ratio": 0.54762373696531097 }, "geometry": { "type": "MultiPolygon", "coordinates": [ [ [ [ 681850.281378272571601, 928227.213107191724703 ], [ 682173.357626941753551, 929964.996628957218491 ], [ 682962.167972049326636, 930941.62180117983371 ], [ 682683.984545332961716, 931615.104385030339472 ], [ 682791.245237168157473, 932290.223534511518665 ], [ 682337.294406799599528, 932863.418989834841341 ], [ 681840.991391842951998, 933038.276958202477545 ], [ 681409.272122405702248, 933567.332460116362199 ], [ 680732.039523361250758, 934869.553968927124515 ], [ 680003.083946712315083, 935386.30569338996429 ], [ 678879.860520608141087, 935392.663899073493667 ], [ 678028.207463939674199, 936296.025650747469626 ], [ 677764.580534097505733, 936140.092916080029681 ], [ 677437.036453778739087, 935464.086212566704489 ], [ 677030.253541601239704, 935307.567195828771219 ], [ 676479.363272808725014, 935382.71427672507707 ], [ 675423.357414334313944, 935112.94685611652676 ], [ 674551.520718029816635, 935584.954790084972046 ], [ 674426.884463825263083, 936447.101303078583442 ], [ 675150.943239714484662, 937102.579608057509176 ], [ 674747.770114697981626, 938759.884903214289807 ], [ 675109.074166106292978, 939259.051843690103851 ], [ 675434.290459760581143, 940499.077537819975987 ], [ 675983.285722044762224, 940866.312585944309831 ], [ 675563.038995211943984, 941318.028872794820927 ], [ 675591.369468112709001, 942457.30033618689049 ], [ 675193.022148941643536, 942942.286522787995636 ], [ 675431.256782676791772, 943905.46743940457236 ], [ 675415.997522581601515, 944933.962014629971236 ], [ 676665.713760753162205, 946211.027353665907867 ], [ 676751.936749282525852, 946653.780381546239369 ], [ 677091.48892475431785, 947064.413517995621078 ], [ 677541.72068497701548, 947331.736521725310013 ], [ 678113.783718066755682, 947422.619611392030492 ], [ 678758.79028442595154, 948487.094074974185787 ], [ 679187.638409460429102, 948599.509634103393182 ], [ 679219.067800751538016, 948975.681924524251372 ], [ 679537.595311354380101, 949142.934256537235342 ], [ 679600.773489504004829, 949817.862492367625237 ], [ 680117.905273476615548, 949875.366268639569171 ], [ 679552.646831215475686, 950779.877393218805082 ], [ 679354.228568728314713, 950845.392843747744337 ], [ 679438.427136746468022, 951752.670763572561555 ], [ 679148.990403203992173, 952514.577733811223879 ], [ 678883.033754613366909, 952933.725542570464313 ], [ 678551.9800309992861, 953131.398395432508551 ], [ 678417.926303350832313, 953595.347649741801433 ], [ 677954.331393320695497, 953903.060768455965444 ], [ 678035.021546354051679, 955639.813796649686992 ], [ 678297.007717339438386, 956149.684898751671426 ], [ 678680.288144400226884, 956604.776101608411409 ], [ 678988.645057439338416, 956561.852094601839781 ], [ 678934.748216119944118, 956296.181963562499732 ], [ 679144.289295180118643, 956197.536900786100887 ], [ 679682.973526301910169, 956343.622788378736004 ], [ 680177.107765725231729, 956611.185434514889494 ], [ 680439.109722473542206, 957110.016250889981166 ], [ 680868.819555175956339, 957001.268810659297742 ], [ 681660.532920799683779, 957170.59709833865054 ], [ 682011.234429534641095, 957514.984754558303393 ], [ 682662.031842729309574, 957186.013558711740188 ], [ 683606.758206263883039, 957599.373790755518712 ], [ 685227.417768831946887, 959464.649278886383399 ], [ 686281.537110307719558, 960011.295405260636471 ], [ 686148.041266593616456, 960331.451261422247626 ], [ 686366.123763144714758, 960785.900863226503134 ], [ 686163.53531760792248, 961791.492231523268856 ], [ 686270.321338018053211, 962521.956082262680866 ], [ 685573.123924623359926, 963392.612756033428013 ], [ 685888.99311199481599, 964124.008824709337205 ], [ 685621.430196083150804, 964897.040146242128685 ], [ 686026.35449073347263, 965396.569949365104549 ], [ 686101.547967597143725, 965806.142278985818848 ], [ 686408.912955187959597, 965973.428272413555533 ], [ 685987.193979284260422, 966767.885495496913791 ], [ 686315.763124863151461, 967112.234269734472036 ], [ 686170.380558116943575, 967631.421024232171476 ], [ 686289.478045430849306, 968063.313540614792146 ], [ 687494.536013106699102, 969241.166883574798703 ], [ 687136.827531155431643, 970478.321575570269488 ], [ 687497.7583994907327, 970955.560914264642633 ], [ 687272.78519905207213, 972038.469384534517303 ], [ 687533.41895659849979, 972791.769914544769563 ], [ 687013.355463131447323, 973441.975503038382158 ], [ 686955.883906580042094, 973983.679164793691598 ], [ 687480.138875564676709, 974826.665293192025274 ], [ 687199.151887868065387, 976130.526927997358143 ], [ 687955.148298749234527, 976808.676024824264459 ], [ 689275.691316134762019, 976726.262236976413988 ], [ 690197.894863361609168, 977139.772649567690678 ], [ 690659.83942285948433, 977164.039075660984963 ], [ 691152.003030340536498, 977785.732000896590762 ], [ 691460.134396216250025, 977765.04879545676522 ], [ 691780.612997083342634, 977456.845295530045405 ], [ 692198.655739439884201, 977458.802975439932197 ], [ 692582.240810497431085, 977770.306136897415854 ], [ 692471.139182417769916, 978002.061454429873265 ], [ 692732.977794634643942, 978467.847369605791755 ], [ 693183.910512462141924, 978492.093675951357 ], [ 693752.503573357476853, 979224.79883500863798 ], [ 693855.799310182686895, 980641.084087895811535 ], [ 693565.334234953392297, 981579.883413117961027 ], [ 693593.558776150457561, 982586.559560609282926 ], [ 693206.730653196806088, 982971.856091416208073 ], [ 693291.737854499137029, 983602.730091309524141 ], [ 692983.174594264477491, 983722.936866757227108 ], [ 692871.45107854786329, 984087.416586617240682 ], [ 693266.799272962729447, 984222.022003168938681 ], [ 693441.159763392293826, 984565.738292393274605 ], [ 692756.742223642533645, 985082.351974394987337 ], [ 692874.007162314374, 985868.230655559804291 ], [ 692366.016002395772375, 986297.196643549483269 ], [ 692287.087199121247977, 986706.074741550022736 ], [ 691561.542993296636268, 986625.219811002141796 ], [ 691516.765991651569493, 986790.920895294519141 ], [ 691690.810928173479624, 987200.9928802724462 ], [ 692020.922596096876077, 987169.370807037805207 ], [ 692228.322520674904808, 987502.178352135117166 ], [ 691706.900441683712415, 988450.943211829406209 ], [ 691967.345047482056543, 989193.253072035033256 ], [ 692407.263690125430003, 989195.340474382624961 ], [ 692544.660518044955097, 990368.447843360481784 ], [ 693082.068436065223068, 990680.715099288267083 ], [ 692892.101117815589532, 991310.280825807130896 ], [ 693219.326568798627704, 991875.951728363172151 ], [ 693172.585942748468369, 992450.896964629529975 ], [ 693468.024209698662162, 992762.018583194119856 ], [ 692824.378402601927519, 993975.639927659300156 ], [ 692300.245995135745034, 995499.540849160752259 ], [ 692253.300950830220245, 996118.727473519858904 ], [ 692725.655942435958423, 996220.536712348810397 ], [ 692976.336070715333335, 996686.298892802442424 ], [ 692875.514377113664523, 997072.94817940716166 ], [ 693259.784333460615017, 997196.465390572557226 ], [ 693302.224027745309286, 997517.437847562367097 ], [ 693642.666006785118952, 997607.565895003848709 ], [ 693718.248736710986122, 997895.51643419766333 ], [ 693419.926686526741832, 998192.724587458651513 ], [ 693999.430318999686278, 998870.243898458313197 ], [ 694444.984583679470234, 999956.384431723738089 ], [ 694755.482991561759263, 999415.900427424581721 ], [ 695094.130087990430184, 999871.051796839223243 ], [ 695633.057782446965575, 999840.496402697637677 ], [ 695718.641720032785088, 1000327.603765112697147 ], [ 695959.559956962708384, 1000527.882423951406963 ], [ 695857.898170300177298, 1001080.441681125666946 ], [ 696219.320168934063986, 1001369.802393803955056 ], [ 696523.914796072873287, 1002034.968159487470984 ], [ 697008.008547182427719, 1001970.9836679790169 ], [ 698302.921006043907255, 1002475.143164716428146 ], [ 698338.100562959560193, 1002032.866587144089863 ], [ 698645.954721730202436, 1002034.39514078234788 ], [ 698902.284521881490946, 1003551.069690942997113 ], [ 699287.364847315242514, 1003497.683745601796545 ], [ 699736.974597703316249, 1003732.219616533257067 ], [ 699494.047462850343436, 1003941.170233102864586 ], [ 699470.731494693551213, 1004206.526136733125895 ], [ 699766.856160145485774, 1004351.805874253623188 ], [ 700192.354407235514373, 1005006.561809224076569 ], [ 701476.14715363457799, 1005510.796995590324514 ], [ 702184.07294084620662, 1006830.704317608964629 ], [ 702863.932777667185292, 1007177.073648892343044 ], [ 702741.029081797692925, 1007563.601393405930139 ], [ 703324.4206934471149, 1007422.780213231453672 ], [ 703804.962131888139993, 1008044.691196249681525 ], [ 704343.583710856037214, 1008058.519140197546221 ], [ 704142.23392206709832, 1008732.244360570213757 ], [ 705111.984518666868098, 1008283.712174153653905 ], [ 705737.465136682614684, 1008508.181272328831255 ], [ 705804.571798017947003, 1008287.29418595333118 ], [ 706398.679679828812368, 1008201.8823213087162 ], [ 706507.92495254019741, 1008335.191354074515402 ], [ 706295.025932978256606, 1009108.408937144791707 ], [ 706668.048613210790791, 1009254.152701108250767 ], [ 707082.905769807170145, 1009809.406154717435129 ], [ 707668.031532598426566, 1009336.805617801612243 ], [ 707986.894936169497669, 1009327.413659394602291 ], [ 708972.856753944884986, 1009985.247237154049799 ], [ 709831.789323230041191, 1009713.233025366207585 ], [ 710674.043788633542135, 1010514.163470953353681 ], [ 711135.578872513375245, 1010549.805427663610317 ], [ 711554.912636097404175, 1010253.365047745872289 ], [ 711959.060609237523749, 1010742.256473941262811 ], [ 712992.596589942579158, 1010714.611478966660798 ], [ 713197.657544707180932, 1011423.694182906998321 ], [ 713766.010234352899715, 1012035.180487385252491 ], [ 713269.602190981153399, 1012353.306154465652071 ], [ 713154.069537930656224, 1013392.530000077793375 ], [ 712458.214169209939428, 1014008.264210599474609 ], [ 711907.533703359193169, 1014204.424332871683873 ], [ 711363.112711734254844, 1015285.592569063534029 ], [ 711876.342167038703337, 1015918.887555417255498 ], [ 711618.305492428364232, 1016890.968625604175031 ], [ 711723.222065946087241, 1017820.752010634634644 ], [ 711590.316960914293304, 1018008.093354205018841 ], [ 711938.69395935581997, 1018629.44932232669089 ], [ 711887.810251498944126, 1019912.385400314815342 ], [ 712414.161698735551909, 1020136.473111863597296 ], [ 713227.283422498265281, 1020174.067919132765383 ], [ 713357.125901283347048, 1020550.889977394021116 ], [ 713916.314519953797571, 1020797.304635793203488 ], [ 714724.157424895325676, 1021797.328427005326375 ], [ 715549.885087719652802, 1021536.363614653120749 ], [ 716877.577823687228374, 1021930.872710988507606 ], [ 717051.523017700295895, 1022274.772822009632364 ], [ 716729.746143295196816, 1022826.114731344860047 ], [ 717385.832117623533122, 1023427.127633019117638 ], [ 717030.288484856719151, 1024122.091154350084253 ], [ 717225.521450467174873, 1024587.800645160954446 ], [ 719085.939833572250791, 1025992.076136406511068 ], [ 719416.675967625225894, 1025805.868931167759001 ], [ 720097.892981208860874, 1025831.829151522601023 ], [ 720397.229503228096291, 1025368.884128296980634 ], [ 720030.250006810761988, 1024183.107651609461755 ], [ 720538.466423306614161, 1023710.274267289671116 ], [ 721219.848900876473635, 1023714.121583761298098 ], [ 721341.866158265969716, 1023515.682129963301122 ], [ 720940.289552870439366, 1022617.331273594638333 ], [ 721103.452854486531578, 1020969.904892139835283 ], [ 720917.792574045131914, 1020758.66721868654713 ], [ 720237.291174633312039, 1020588.90129422408063 ], [ 720163.39544150151778, 1020046.415979281999171 ], [ 720472.076122358907014, 1019882.207888386328705 ], [ 721360.610157728428021, 1020196.963301639189012 ], [ 722079.534199685556814, 1019404.503488864516839 ], [ 722993.511107879574411, 1019110.983987753279507 ], [ 723162.213697809493169, 1018437.108142361161299 ], [ 723705.523396201548167, 1017610.479532743804157 ], [ 723945.347756711184047, 1016029.851338512613438 ], [ 724629.901369398809038, 1015502.726124468958005 ], [ 724369.099871218437329, 1014970.222497872891836 ], [ 723876.43706780183129, 1014613.412770835333504 ], [ 723644.677338226232678, 1012830.981155138695613 ], [ 722799.320778840803541, 1012627.079412897932343 ], [ 721276.893209132133052, 1011611.828871635720134 ], [ 720792.503668102668598, 1011730.814022669801489 ], [ 720617.719124175608158, 1011530.712063243496232 ], [ 719739.72004621103406, 1011260.327998662483878 ], [ 719440.690340976114385, 1011656.922695342916995 ], [ 718912.216425269143656, 1011797.810205382178538 ], [ 718770.0377505189972, 1011664.27387170237489 ], [ 719167.694223977508955, 1011323.533986127702519 ], [ 718938.300406685099006, 1011056.76436706748791 ], [ 718929.140581845422275, 1010724.837699389085174 ], [ 718666.211040330701508, 1010557.448303772951476 ], [ 718975.4370016787434, 1010304.717130822362378 ], [ 719010.312026786035858, 1009961.971165871247649 ], [ 718307.321117723244242, 1009847.470480970805511 ], [ 718220.588133933953941, 1009625.743521545547992 ], [ 718584.724995441036299, 1009384.37295580713544 ], [ 718081.376553872833028, 1008950.16716126690153 ], [ 718711.324966829153709, 1008356.257086726254784 ], [ 719062.346409651101567, 1008502.004125373787247 ], [ 719273.617061442346312, 1008071.730816634139046 ], [ 719076.695385627332143, 1007893.644210143713281 ], [ 719342.146942444494925, 1007607.482252894435078 ], [ 719088.726314193569124, 1007705.647575599723496 ], [ 719390.457341003115289, 1006822.308354378677905 ], [ 719106.241018704837188, 1006522.054063679883257 ], [ 719492.520810805493966, 1006258.681528677232563 ], [ 719406.269125656224787, 1005948.455041222972795 ], [ 719186.980081227840856, 1005836.622199456673115 ], [ 719234.307951446855441, 1005228.443964343401603 ], [ 719566.171911160927266, 1004865.207250048522837 ], [ 719764.085794415557757, 1004866.297797989915125 ], [ 719798.535073613747954, 1004600.986458103521727 ], [ 719656.875781584414653, 1004367.892480786540546 ], [ 719360.0014952942729, 1004366.258630475145765 ], [ 719637.686510992934927, 1003858.910006087389775 ], [ 718904.205153192975558, 1003268.567718986538239 ], [ 718929.65245202393271, 1002638.145372335449792 ], [ 718567.881001235451549, 1002437.040363156818785 ], [ 718439.739185600192286, 1001739.405142787029035 ], [ 717593.951519958907738, 1001568.858262092224322 ], [ 717129.417097463505343, 1002064.140595145174302 ], [ 716261.286479460075498, 1001959.874133240897208 ], [ 715381.642931077280082, 1003990.584057436906733 ], [ 714885.13143600046169, 1004308.712185878539458 ], [ 714240.045479800901376, 1003630.447299509309232 ], [ 712682.086857781047001, 1002991.574934472795576 ], [ 712326.939402716699988, 1001540.552144414978102 ], [ 711601.283043642761186, 1001525.644646942499094 ], [ 710854.920397730544209, 1001267.277403606101871 ], [ 709194.693758897483349, 1001236.4384780745022 ], [ 708470.886795089812949, 1000867.619532744633034 ], [ 707026.268140718224458, 999543.771724992082454 ], [ 706744.423298708046786, 998756.933371163788252 ], [ 706780.091128281783313, 998237.215559511794709 ], [ 705696.108007101342082, 997324.588028643513098 ], [ 705053.523896055761725, 996104.523643806343898 ], [ 705102.359701622510329, 995153.47296279692091 ], [ 704735.262426702189259, 993813.151212493190542 ], [ 704132.814902368467301, 993334.449203541618772 ], [ 704068.620560790761374, 992980.154727980378084 ], [ 703827.512126108864322, 992813.012955531710759 ], [ 704008.224685912486166, 991873.694975156453438 ], [ 703381.848004208644852, 991770.982783989515156 ], [ 702954.320657002390362, 991492.295707116601989 ], [ 702934.712830025935546, 991016.553789561381564 ], [ 702335.408903447794728, 989896.344892505556345 ], [ 702361.827610169071704, 989011.562355208792724 ], [ 702168.377696452313103, 988103.560359247494489 ], [ 702371.321763173677027, 987109.044628829578869 ], [ 703573.607576377340592, 986440.305816800915636 ], [ 703742.257899017538875, 985711.092910312232561 ], [ 705219.438459307653829, 985076.952265955857001 ], [ 705147.123645539395511, 984147.416088441968895 ], [ 703468.158751175855286, 983331.504474328947254 ], [ 703794.07334221736528, 981950.448625199496746 ], [ 703001.980104372953065, 981957.562094458495267 ], [ 702760.793418095796369, 981790.441823033266701 ], [ 702943.726869279285893, 980397.612272881902754 ], [ 702628.920679503818974, 979544.323076914995909 ], [ 701991.183470409945585, 979474.801188059849665 ], [ 700720.697773360298015, 978318.175253971712664 ], [ 699887.078261295915581, 977805.282327394001186 ], [ 699001.27644399239216, 976705.915318055544049 ], [ 698412.370822643162683, 975630.133098268532194 ], [ 696538.130748286959715, 974138.94528046506457 ], [ 696485.54884414805565, 973629.88734204240609 ], [ 696696.602373674977571, 973210.576365605928004 ], [ 696434.652232044260018, 972766.885625761933625 ], [ 696296.411407075123861, 971759.675970101729035 ], [ 695593.696942425798625, 971446.630573389003985 ], [ 694883.41673220298253, 970403.543458690168336 ], [ 694590.654771685251035, 969484.109088651021011 ], [ 694229.205702134408057, 969128.461538040079176 ], [ 694176.109452073462307, 968718.960275303456001 ], [ 694533.058029279694892, 967691.975381971802562 ], [ 694351.02388497418724, 966618.217123929527588 ], [ 692947.796231198241003, 965472.403363585122861 ], [ 692997.568882433464751, 964233.827750882948749 ], [ 692670.246705875149928, 963623.967869551386684 ], [ 692891.779694826691411, 963315.293235048186034 ], [ 693274.314256552839652, 961514.161530285258777 ], [ 693177.058827467495576, 961126.58390860108193 ], [ 693377.106935026822612, 960707.201540003647096 ], [ 692741.12952278193552, 960195.464841662091203 ], [ 692514.036311892094091, 959320.619898589677177 ], [ 692464.097946119611152, 958214.318412621039897 ], [ 692125.798418949823827, 957582.303957966156304 ], [ 689944.35661149781663, 955625.689094540430233 ], [ 689541.799929498345591, 954584.177647385629825 ], [ 688279.658836349728517, 953760.025490608881228 ], [ 687399.428404533420689, 953678.668800191953778 ], [ 687213.045018755248748, 953511.9321764142951 ], [ 686563.836076366715133, 950976.222517390036955 ], [ 686809.977094477275386, 950081.422622673329897 ], [ 686075.311900856904685, 949425.617261205334216 ], [ 685347.313630095566623, 947243.540065613924526 ], [ 685690.817215316812508, 946736.272297439631075 ], [ 685683.589170824969187, 945873.538146957638673 ], [ 687626.197327978443354, 944753.933476007310674 ], [ 687361.151692373561673, 942441.147062138770707 ], [ 687990.830260740825906, 941968.328192792483605 ], [ 687631.389989927760325, 941081.913121193880215 ], [ 688228.203929040464573, 940575.767579426406883 ], [ 688076.884152375161648, 939933.597630035015754 ], [ 688897.99796243768651, 938510.431742200395092 ], [ 688555.283702019485645, 938818.60900081275031 ], [ 687851.059906268492341, 938704.902234439970925 ], [ 687401.690879170317203, 938227.333970603067428 ], [ 687170.552503614453599, 938204.200422511901706 ], [ 687194.560583106591366, 937750.832366310642101 ], [ 686929.128464783541858, 938015.11855381866917 ], [ 686444.634489743970335, 938013.002661051112227 ], [ 686291.537783230422065, 937769.00915830116719 ], [ 686425.071230115368962, 937448.843031724914908 ], [ 685687.359418039908633, 937434.573885761434212 ], [ 685501.557704329956323, 937113.021028008777648 ], [ 685658.259922525379807, 936527.508166468353011 ], [ 685153.020000635180622, 936226.694737088284455 ], [ 685000.194933943683282, 935916.348813854157925 ], [ 685101.688501003198326, 935363.777148115215823 ], [ 684981.035624345298856, 935252.654442827799357 ], [ 684903.332567703677341, 935396.101722987601534 ], [ 684674.037653389037587, 934941.646107477601618 ], [ 684519.775728086708114, 934963.102496723993681 ], [ 684575.787085174350068, 934742.140126346959732 ], [ 684344.440958852646872, 934763.265677363961004 ], [ 684379.235259101609699, 934354.189383009797893 ], [ 684225.11407112935558, 934342.467376317712478 ], [ 684313.780397480120882, 934210.126240619341843 ], [ 684062.87319631583523, 933656.042681493912823 ], [ 684207.265154245658778, 933369.098005704930983 ], [ 683910.880147695890628, 933146.625716711278073 ], [ 683836.300605158787221, 932560.120216095005162 ], [ 683396.462003753636964, 932403.400719700031914 ], [ 683101.289999469998293, 931893.379403786384501 ], [ 683160.070240543107502, 931019.883358224644326 ], [ 684495.801103138946928, 930284.554508849745616 ], [ 684619.312868059147149, 929732.076015327242203 ], [ 684291.37216443545185, 929155.547061452642083 ], [ 683633.063651215052232, 928566.556444105226547 ], [ 683082.90529027977027, 928442.560061761527322 ], [ 683073.110376806813292, 928154.957055795937777 ], [ 682203.879295109305531, 927952.202595447539352 ], [ 681850.281378272571601, 928227.213107191724703 ] ] ] ] } },
{ "type": "Feature", "properties": { "gid": "COL.23.12_2", "name": "ElCarmen", "municipio": "ElCarmen", "departamento": "NortedeSantander", "year": 2024, "predicted_ha": 62.085823445916176, "official_ha": 922.7, "ratio": 0.067287117639445296 }, "geometry": { "type": "MultiPolygon", "coordinates": [ [ [ [ 665990.485555647173896, 931259.953829880570993 ], [ 666534.834147149580531, 932876.708953886176459 ], [ 668059.649126956239343, 934364.596403931733221 ], [ 668066.109782004030421, 935525.854050080524758 ], [ 667522.204538420308381, 936640.717663352959789 ], [ 666630.084786904160865, 936703.591621150146239 ], [ 665812.516216489719227, 937419.268864428275265 ], [ 665294.259659221977927, 937616.329232204356231 ], [ 663212.054538363358006, 937940.105854791472666 ], [ 662915.202739863772877, 937828.382172296289355 ], [ 662583.973344533354975, 938070.42186460189987 ], [ 661881.340047942008823, 937536.918817992438562 ], [ 659880.141617704415694, 936821.615122164832428 ], [ 659493.958209228469059, 937041.353714620927349 ], [ 659413.960353429662064, 937826.242654922534712 ], [ 658687.343161162687466, 937812.48051674652379 ], [ 658198.769817864987999, 938927.62114796822425 ], [ 656954.966586439870298, 938845.619193853344768 ], [ 656578.692963290144689, 939375.063027120078914 ], [ 656258.932723130565137, 939506.597281834110618 ], [ 656235.901559711433947, 939782.984055743552744 ], [ 656486.925494264694862, 940381.082380425999872 ], [ 657102.096609194530174, 940748.288024465669878 ], [ 658071.681541279656813, 940541.753577766823582 ], [ 658753.554480059887283, 940732.289893526351079 ], [ 659337.663412886322476, 940568.584898737026379 ], [ 659160.978182488586754, 940711.691529366187751 ], [ 659248.349528653663583, 940900.020614631939679 ], [ 659819.25143328786362, 941322.400434510782361 ], [ 660070.548558819107711, 941832.059230348560959 ], [ 660268.918510643416084, 941777.510458381730132 ], [ 660355.907329932088032, 942065.373039093334228 ], [ 661300.664996623876505, 942599.779339463333599 ], [ 661607.357605142053217, 943010.130210627685301 ], [ 661970.309399878955446, 943099.984361376962624 ], [ 662918.164448869181797, 942816.068227894837037 ], [ 663292.253417747328058, 942872.79898280557245 ], [ 663412.245663461275399, 943160.798705113586038 ], [ 663190.711158196558245, 943513.841216391767375 ], [ 663210.433982232585549, 944111.112562297494151 ], [ 662582.143895061220974, 944318.826271428260952 ], [ 662149.476322165690362, 945190.84318017528858 ], [ 661729.815263648051769, 945543.13272096531 ], [ 661211.846623799530789, 945695.987458491697907 ], [ 660812.074057172168978, 946612.37281212513335 ], [ 659897.010346300899982, 946984.915516195702367 ], [ 660081.9650120731676, 947560.685353513108566 ], [ 659856.211338412482291, 949041.744448453886434 ], [ 660656.153955895453691, 949984.80222807393875 ], [ 660600.403916209703311, 950172.594590480905026 ], [ 659905.590476632583886, 950534.90447155572474 ], [ 659846.404720488470048, 951629.527477885130793 ], [ 660020.448450510390103, 952172.083035109681077 ], [ 659842.24778631166555, 952724.359643714269623 ], [ 660389.012370227137581, 953655.404778232099488 ], [ 661060.162466419162229, 953713.266780526260845 ], [ 661323.073833201196976, 954034.990307077998295 ], [ 662048.139225000049919, 954380.615094994660467 ], [ 662552.00897957617417, 955001.877695117029361 ], [ 662878.572339034639299, 955932.118567728670314 ], [ 662620.211153584183194, 957280.340535991708748 ], [ 663443.174246840877458, 957902.863523723557591 ], [ 663450.116208075080067, 958942.461732179275714 ], [ 664261.245268441387452, 959764.030392190325074 ], [ 664170.904491030494682, 960349.818520492990501 ], [ 664456.276275375625119, 960538.950536308460869 ], [ 664466.365082838339731, 960771.236138377105817 ], [ 664708.065255883266218, 960871.723758122418076 ], [ 664840.72765721869655, 960717.416990527766757 ], [ 665027.056401863927022, 960906.162610013387166 ], [ 665313.911310437950306, 960719.289294462068938 ], [ 665883.979278135346249, 961263.462341308244504 ], [ 665806.026496929582208, 961495.399505787761882 ], [ 666112.995453134644777, 961784.166206607013009 ], [ 666111.849113708129153, 962071.706263701664284 ], [ 666375.546781968325377, 962172.293339447118342 ], [ 666563.807711176108569, 961874.441071670269594 ], [ 666991.059083110187203, 962351.70750201086048 ], [ 667530.474483224563301, 962298.576440904405899 ], [ 667683.283146435162053, 962608.856944174622186 ], [ 668111.54206026555039, 962831.774000962032005 ], [ 667920.414734160644002, 963837.417153389775194 ], [ 668146.970479030394927, 964955.343904099077918 ], [ 669062.685702498536557, 967060.379381233127788 ], [ 669698.491794968722388, 967638.077567644417286 ], [ 671093.50158530601766, 968207.860327899339609 ], [ 671619.240027053630911, 968785.141424226108938 ], [ 674060.815409516217187, 969027.599016905762255 ], [ 674542.73084799433127, 969549.443056008662097 ], [ 674274.988719368702732, 970422.040843030903488 ], [ 674821.488845206680708, 971275.960942081408575 ], [ 674148.925251314183697, 971615.971903559984639 ], [ 673329.538172973552719, 972862.278710665996186 ], [ 673116.651407026569359, 973779.347172718378715 ], [ 672895.373307870235294, 974077.031414764933288 ], [ 672923.166561085148714, 975315.846044914796948 ], [ 672723.339454478933476, 975746.337585334433243 ], [ 672513.955951276933774, 975833.935804529231973 ], [ 672728.707674734876491, 977084.596203624852933 ], [ 671227.223355304216966, 978383.34875150420703 ], [ 670513.183367748046294, 980791.387137959944084 ], [ 670589.484787017339841, 980957.601531399297528 ], [ 671558.153083797893487, 980784.702221167273819 ], [ 672206.268664022558369, 980986.505439815227874 ], [ 672566.250815271632746, 981695.853303323383443 ], [ 672542.382200881838799, 982138.145330941886641 ], [ 673105.164387711556628, 984297.201696372241713 ], [ 672923.407904564402997, 985656.791806572931819 ], [ 672423.383131217677146, 986860.190487317158841 ], [ 672526.444553960696794, 988486.426963564008474 ], [ 672269.229543203837238, 989491.779202208155766 ], [ 672377.879920972394757, 989801.917667875182815 ], [ 672157.096843392937444, 990000.055286237737164 ], [ 672109.815890226163901, 990774.043650194536895 ], [ 671765.821461054496467, 991502.530191268655472 ], [ 671818.450919263297692, 992055.746130928979255 ], [ 671562.812804044107907, 992696.129649505252019 ], [ 671736.771524460637011, 993161.383099834085442 ], [ 671719.933166873408481, 994532.732849507359788 ], [ 671938.757281959638931, 994788.043230553623289 ], [ 671860.372976946877316, 995119.504527568700723 ], [ 673556.782353466143832, 996951.67460249143187 ], [ 673375.133110795868561, 998278.084589992533438 ], [ 673978.539304455043748, 998579.315879964502528 ], [ 673905.806311591994017, 1000138.458704244112596 ], [ 674013.776366705889814, 1000592.387597997556441 ], [ 674561.448342823539861, 1001059.29314444004558 ], [ 674063.212239604559727, 1001864.503153960919008 ], [ 674233.273880462860689, 1003203.506480008014478 ], [ 673994.504170310799964, 1005016.308270248351619 ], [ 673485.515928004635498, 1005777.229403657838702 ], [ 672802.110174915520474, 1006205.596905275480822 ], [ 672690.411070170812309, 1006614.330974722281098 ], [ 672871.027603728114627, 1008052.912972902762704 ], [ 673229.078408575966023, 1009127.293127571814694 ], [ 674083.315380275133066, 1009838.874289259663783 ], [ 674223.384713582927361, 1010480.97307941224426 ], [ 674120.672124153818004, 1011343.2066526315175 ], [ 674533.696480096434243, 1012395.733344932668842 ], [ 675430.814390326035209, 1013328.753363025491126 ], [ 677138.855829369160347, 1012329.891855845227838 ], [ 678029.315714290365577, 1012289.647977342596278 ], [ 679004.655173375736922, 1012924.4869462485658 ], [ 679197.62413144018501, 1013998.213063439819962 ], [ 679523.969403215218335, 1014740.738661333802156 ], [ 679563.852606628439389, 1015636.809110725182109 ], [ 680032.787818579934537, 1016435.295259842416272 ], [ 679710.145613559870981, 1017296.531520444201306 ], [ 680289.402420454774983, 1017995.986004057340324 ], [ 680537.080467351363041, 1019103.164599810028449 ], [ 680953.445206446340308, 1019370.530654387315735 ], [ 681605.072788253892213, 1018665.666740612359717 ], [ 681673.461440934916027, 1018135.079523533233441 ], [ 681314.173472412279807, 1017403.431154330493882 ], [ 681166.321540482109413, 1016097.617465260671452 ], [ 681519.529763302998617, 1015767.428802971029654 ], [ 681602.366418712772429, 1014484.796798462048173 ], [ 682086.814876400865614, 1014299.000212575425394 ], [ 682250.651968041900545, 1014520.965928948833607 ], [ 682602.245705121196806, 1014544.711793206166476 ], [ 683494.637193187372759, 1014084.306784533662722 ], [ 684472.241218777373433, 1014210.52784268418327 ], [ 684968.325088888756, 1013892.090307787177153 ], [ 685231.015212496859021, 1014125.594771498814225 ], [ 686472.0857595509151, 1014319.467572818393819 ], [ 687331.150698821060359, 1013947.468585192691535 ], [ 687858.872755038784817, 1013916.79266828042455 ], [ 688862.381528106285259, 1013224.745870482642204 ], [ 689070.526359806535766, 1013369.531864301185124 ], [ 689291.038280142238364, 1013226.796361507149413 ], [ 689508.847017086227424, 1013648.152838571812026 ], [ 689652.474642521468922, 1013493.989805050543509 ], [ 690465.554972169571556, 1013553.205024866270833 ], [ 690906.858894361415878, 1013212.445611503324471 ], [ 691543.551014021039009, 1013381.440364332054742 ], [ 691720.645567947998643, 1013127.896526454715058 ], [ 692015.800513479625806, 1013461.158999337814748 ], [ 692017.842364634387195, 1013040.851054771919735 ], [ 692249.468676377087831, 1012876.061630933429115 ], [ 693025.271988881984726, 1013820.030607918510213 ], [ 693212.988627475569956, 1013643.971267339540645 ], [ 693465.517812038771808, 1013700.512369128759019 ], [ 693442.560307291802019, 1013899.499337883200496 ], [ 693977.817162023973651, 1014576.851848215912469 ], [ 694635.919202075223438, 1014856.619992159307003 ], [ 695064.952700285473838, 1014781.310183352557942 ], [ 695293.685127674369141, 1015202.766403719899245 ], [ 695590.551295754150487, 1015182.114758945885114 ], [ 695688.592322149663232, 1015359.580288721714169 ], [ 696172.359737625927664, 1015328.799668741063215 ], [ 696280.28773589245975, 1015727.541296801296994 ], [ 696721.799372119829059, 1015353.658614637563005 ], [ 696778.078603149624541, 1015088.468921429361217 ], [ 697063.349738891236484, 1015189.444304637727328 ], [ 697039.986242716666311, 1015465.85967263020575 ], [ 697326.582321334863082, 1015301.373086165171117 ], [ 697294.936756235430948, 1015035.74368926230818 ], [ 697502.21773198491428, 1015346.497329186880961 ], [ 697657.034694109810516, 1015159.230450725648552 ], [ 698251.055806667194702, 1015062.658934606355615 ], [ 698538.551585028064437, 1014721.202306037186645 ], [ 699054.194008296122774, 1014911.843168943771161 ], [ 699450.326840098714456, 1014825.352062674006447 ], [ 699877.979550234507769, 1015026.621591834584251 ], [ 700317.799237539758906, 1014995.667673499090597 ], [ 700843.636698239482939, 1015341.247041435330175 ], [ 700863.929056936409324, 1015673.195292600314133 ], [ 701203.808055434143171, 1015840.85088142263703 ], [ 701279.44683815096505, 1016095.652016931795515 ], [ 701466.520878215553239, 1016052.361656876513734 ], [ 701902.763416871079244, 1016718.287484827684239 ], [ 702441.773368940106593, 1016632.561237803311087 ], [ 702330.159132719854824, 1016963.835451596532948 ], [ 703272.062853614799678, 1017610.261424015508965 ], [ 702972.916647558100522, 1018073.305934333940968 ], [ 702936.634049132931978, 1018714.693373990012333 ], [ 703453.756261520902626, 1018606.749655190040357 ], [ 703562.171678363578394, 1018894.91424041450955 ], [ 703859.314035957329907, 1018819.022474936326034 ], [ 703902.013261791551486, 1019062.601125671644695 ], [ 704188.107728960574605, 1018997.716349005000666 ], [ 704362.285837757401168, 1019319.411491492530331 ], [ 704648.552807236439548, 1019221.345972360344604 ], [ 704811.735911963973194, 1019542.986829851870425 ], [ 705184.538945646258071, 1019710.85898719902616 ], [ 705094.479152643121779, 1020119.673840296920389 ], [ 705488.850365257938392, 1020365.095530753955245 ], [ 705290.276681090006605, 1020507.859476049197838 ], [ 705322.089136801776476, 1020729.261540514533408 ], [ 706235.073141483240761, 1020579.184477765345946 ], [ 706869.931542078731582, 1021069.248709710780531 ], [ 707234.178633539937437, 1020772.500520464149304 ], [ 707795.024537535384297, 1020709.095539055066183 ], [ 708188.96677230426576, 1021031.980468026711605 ], [ 708829.099304103292525, 1020526.532150204991922 ], [ 709873.765448790160008, 1020421.484928248915821 ], [ 710059.771989690489136, 1020577.34886911092326 ], [ 710024.787735416553915, 1020953.271526185795665 ], [ 710285.230223456630483, 1021574.143080425448716 ], [ 710722.154998548561707, 1022074.283990002586506 ], [ 711074.66644441743847, 1021921.31166404497344 ], [ 711665.974142124992795, 1022322.73890089802444 ], [ 711642.858683226630092, 1022532.795081661082804 ], [ 711246.091487553203478, 1022740.833590516587719 ], [ 711199.566244720248505, 1023216.25458719546441 ], [ 711338.726452395319939, 1023902.859141689143144 ], [ 711828.995682450593449, 1024690.92653744481504 ], [ 712037.671165802516043, 1024714.182603295892477 ], [ 712667.007649663486518, 1024175.552870812127367 ], [ 712785.663498360896483, 1024585.501369903679006 ], [ 713412.055579650914297, 1024588.91667105583474 ], [ 714041.296209470485337, 1024072.428733492968604 ], [ 714632.059774299850687, 1024562.410314574022777 ], [ 714973.036637485027313, 1024508.972373527591117 ], [ 714847.894603112363257, 1025282.65011211798992 ], [ 715231.908786620944738, 1025395.388349029002711 ], [ 715653.765681378426962, 1026614.582225267309695 ], [ 716168.589769282261841, 1026916.11837358167395 ], [ 716244.223382321186364, 1027148.849510104511864 ], [ 716522.014571597799659, 1026597.267277311417274 ], [ 716786.241822315612808, 1026510.234908344224095 ], [ 716925.591556951985694, 1027141.572390706394799 ], [ 718274.869479180895723, 1027569.481951199704781 ], [ 718449.574011513846926, 1027769.587773687089793 ], [ 718900.797018588404171, 1027650.43135073618032 ], [ 719343.213736159261316, 1027144.036987066967413 ], [ 719085.939833572250791, 1025992.076136406511068 ], [ 717072.711801807396114, 1024398.889132616342977 ], [ 717063.871616088086739, 1024011.652584111550823 ], [ 717385.832117623533122, 1023427.127633019117638 ], [ 716729.746143295196816, 1022826.114731344860047 ], [ 717051.523017700295895, 1022274.772822009632364 ], [ 716997.797333039343357, 1022053.225527647533454 ], [ 716450.239485928788781, 1021696.198622436146252 ], [ 715549.885087719652802, 1021536.363614653120749 ], [ 714724.157424895325676, 1021797.328427005326375 ], [ 713916.314519953797571, 1020797.304635793203488 ], [ 713357.125901283347048, 1020550.889977394021116 ], [ 713227.283422498265281, 1020174.067919132765383 ], [ 712414.161698735551909, 1020136.473111863597296 ], [ 711887.810251498944126, 1019912.385400314815342 ], [ 711938.69395935581997, 1018629.44932232669089 ], [ 711590.316960914293304, 1018008.093354205018841 ], [ 711723.222065946087241, 1017820.752010634634644 ], [ 711618.305492428364232, 1016890.968625604175031 ], [ 711876.342167038703337, 1015918.887555417255498 ], [ 711363.112711734254844, 1015285.592569063534029 ], [ 711907.533703359193169, 1014204.424332871683873 ], [ 712458.214169209939428, 1014008.264210599474609 ], [ 713154.069537930656224, 1013392.530000077793375 ], [ 713269.602190981153399, 1012353.306154465652071 ], [ 713766.010234352899715, 1012035.180487385252491 ], [ 713197.657544707180932, 1011423.694182906998321 ], [ 712992.596589942579158, 1010714.611478966660798 ], [ 711959.060609237523749, 1010742.256473941262811 ], [ 711554.912636097404175, 1010253.365047745872289 ], [ 711135.578872513375245, 1010549.805427663610317 ], [ 710674.043788633542135, 1010514.163470953353681 ], [ 709831.789323230041191, 1009713.233025366207585 ], [ 708972.856753944884986, 1009985.247237154049799 ], [ 707986.894936169497669, 1009327.413659394602291 ], [ 707668.031532598426566, 1009336.805617801612243 ], [ 707082.905769807170145, 1009809.406154717435129 ], [ 706668.048613210790791, 1009254.152701108250767 ], [ 706295.025932978256606, 1009108.408937144791707 ], [ 706507.92495254019741, 1008335.191354074515402 ], [ 706398.679679828812368, 1008201.8823213087162 ], [ 705804.571798017947003, 1008287.29418595333118 ], [ 705737.465136682614684, 1008508.181272328831255 ], [ 705111.984518666868098, 1008283.712174153653905 ], [ 704142.23392206709832, 1008732.244360570213757 ], [ 704343.583710856037214, 1008058.519140197546221 ], [ 703804.962131888139993, 1008044.691196249681525 ], [ 703324.4206934471149, 1007422.780213231453672 ], [ 702741.029081797692925, 1007563.601393405930139 ], [ 702863.932777667185292, 1007177.073648892343044 ], [ 702184.07294084620662, 1006830.704317608964629 ], [ 701476.14715363457799, 1005510.796995590324514 ], [ 700192.354407235514373, 1005006.561809224076569 ], [ 699766.856160145485774, 1004351.805874253623188 ], [ 699470.731494693551213, 1004206.526136733125895 ], [ 699494.047462850343436, 1003941.170233102864586 ], [ 699736.974597703316249, 1003732.219616533257067 ], [ 699287.364847315242514, 1003497.683745601796545 ], [ 698902.284521881490946, 1003551.069690942997113 ], [ 698645.954721730202436, 1002034.39514078234788 ], [ 698338.100562959560193, 1002032.866587144089863 ], [ 698302.921006043907255, 1002475.143164716428146 ], [ 697008.008547182427719, 1001970.9836679790169 ], [ 696523.914796072873287, 1002034.968159487470984 ], [ 696219.320168934063986, 1001369.802393803955056 ], [ 695857.898170300177298, 1001080.441681125666946 ], [ 695959.559956962708384, 1000527.882423951406963 ], [ 695718.641720032785088, 1000327.603765112697147 ], [ 695633.057782446965575, 999840.496402697637677 ], [ 695094.130087990430184, 999871.051796839223243 ], [ 694755.482991561759263, 999415.900427424581721 ], [ 694444.984583679470234, 999956.384431723738089 ], [ 693999.430318999686278, 998870.243898458313197 ], [ 693419.926686526741832, 998192.724587458651513 ], [ 693718.248736710986122, 997895.51643419766333 ], [ 693642.666006785118952, 997607.565895003848709 ], [ 693302.224027745309286, 997517.437847562367097 ], [ 693259.784333460615017, 997196.465390572557226 ], [ 692875.514377113664523, 997072.94817940716166 ], [ 692976.336070715333335, 996686.298892802442424 ], [ 692725.655942435958423, 996220.536712348810397 ], [ 692253.300950830220245, 996118.727473519858904 ], [ 692300.245995135745034, 995499.540849160752259 ], [ 692824.378402601927519, 993975.639927659300156 ], [ 693468.024209698662162, 992762.018583194119856 ], [ 693172.585942748468369, 992450.896964629529975 ], [ 693219.326568798627704, 991875.951728363172151 ], [ 692892.101117815589532, 991310.280825807130896 ], [ 693082.068436065223068, 990680.715099288267083 ], [ 692544.660518044955097, 990368.447843360481784 ], [ 692407.263690125430003, 989195.340474382624961 ], [ 691967.345047482056543, 989193.253072035033256 ], [ 691706.900441683712415, 988450.943211829406209 ], [ 692228.322520674904808, 987502.178352135117166 ], [ 692020.922596096876077, 987169.370807037805207 ], [ 691690.810928173479624, 987200.9928802724462 ], [ 691516.765991651569493, 986790.920895294519141 ], [ 691561.542993296636268, 986625.219811002141796 ], [ 692287.087199121247977, 986706.074741550022736 ], [ 692366.016002395772375, 986297.196643549483269 ], [ 692874.007162314374, 985868.230655559804291 ], [ 692756.742223642533645, 985082.351974394987337 ], [ 693441.159763392293826, 984565.738292393274605 ], [ 693266.799272962729447, 984222.022003168938681 ], [ 692871.45107854786329, 984087.416586617240682 ], [ 692983.174594264477491, 983722.936866757227108 ], [ 693291.737854499137029, 983602.730091309524141 ], [ 693206.730653196806088, 982971.856091416208073 ], [ 693593.558776150457561, 982586.559560609282926 ], [ 693565.334234953392297, 981579.883413117961027 ], [ 693855.799310182686895, 980641.084087895811535 ], [ 693752.503573357476853, 979224.79883500863798 ], [ 693183.910512462141924, 978492.093675951357 ], [ 692732.977794634643942, 978467.847369605791755 ], [ 692471.139182417769916, 978002.061454429873265 ], [ 692582.240810497431085, 977770.306136897415854 ], [ 692198.655739439884201, 977458.802975439932197 ], [ 691780.612997083342634, 977456.845295530045405 ], [ 691460.134396216250025, 977765.04879545676522 ], [ 691152.003030340536498, 977785.732000896590762 ], [ 690659.83942285948433, 977164.039075660984963 ], [ 690197.894863361609168, 977139.772649567690678 ], [ 689275.691316134762019, 976726.262236976413988 ], [ 687955.148298749234527, 976808.676024824264459 ], [ 687199.151887868065387, 976130.526927997358143 ], [ 687480.138875564676709, 974826.665293192025274 ], [ 686955.883906580042094, 973983.679164793691598 ], [ 687013.355463131447323, 973441.975503038382158 ], [ 687533.41895659849979, 972791.769914544769563 ], [ 687272.78519905207213, 972038.469384534517303 ], [ 687497.7583994907327, 970955.560914264642633 ], [ 687136.827531155431643, 970478.321575570269488 ], [ 687494.536013106699102, 969241.166883574798703 ], [ 686289.478045430849306, 968063.313540614792146 ], [ 686170.380558116943575, 967631.421024232171476 ], [ 686315.763124863151461, 967112.234269734472036 ], [ 685987.193979284260422, 966767.885495496913791 ], [ 686408.912955187959597, 965973.428272413555533 ], [ 686101.547967597143725, 965806.142278985818848 ], [ 686026.35449073347263, 965396.569949365104549 ], [ 685621.430196083150804, 964897.040146242128685 ], [ 685888.99311199481599, 964124.008824709337205 ], [ 685573.123924623359926, 963392.612756033428013 ], [ 686270.321338018053211, 962521.956082262680866 ], [ 686163.53531760792248, 961791.492231523268856 ], [ 686366.123763144714758, 960785.900863226503134 ], [ 686148.041266593616456, 960331.451261422247626 ], [ 686281.537110307719558, 960011.295405260636471 ], [ 685227.417768831946887, 959464.649278886383399 ], [ 683606.758206263883039, 957599.373790755518712 ], [ 682662.031842729309574, 957186.013558711740188 ], [ 682011.234429534641095, 957514.984754558303393 ], [ 681660.532920799683779, 957170.59709833865054 ], [ 680868.819555175956339, 957001.268810659297742 ], [ 680439.109722473542206, 957110.016250889981166 ], [ 680177.107765725231729, 956611.185434514889494 ], [ 679210.326027745613828, 956197.819149023969658 ], [ 678945.801515168976039, 956285.169150983449072 ], [ 678955.532545843860134, 956583.830675623728894 ], [ 678658.276163575588726, 956604.68224606232252 ], [ 678045.839977386523969, 955684.099514109664597 ], [ 677954.331393320695497, 953903.060768455965444 ], [ 678417.926303350832313, 953595.347649741801433 ], [ 678551.9800309992861, 953131.398395432508551 ], [ 678883.033754613366909, 952933.725542570464313 ], [ 679148.990403203992173, 952514.577733811223879 ], [ 679438.427136746468022, 951752.670763572561555 ], [ 679354.228568728314713, 950845.392843747744337 ], [ 679552.646831215475686, 950779.877393218805082 ], [ 680117.905273476615548, 949875.366268639569171 ], [ 679600.773489504004829, 949817.862492367625237 ], [ 679537.595311354380101, 949142.934256537235342 ], [ 679219.067800751538016, 948975.681924524251372 ], [ 679187.638409460429102, 948599.509634103393182 ], [ 678758.79028442595154, 948487.094074974185787 ], [ 678113.783718066755682, 947422.619611392030492 ], [ 677541.72068497701548, 947331.736521725310013 ], [ 677091.48892475431785, 947064.413517995621078 ], [ 676751.936749282525852, 946653.780381546239369 ], [ 676665.713760753162205, 946211.027353665907867 ], [ 675426.869218395906501, 944967.186251519713551 ], [ 675431.256782676791772, 943905.46743940457236 ], [ 675193.022148941643536, 942942.286522787995636 ], [ 675591.369468112709001, 942457.30033618689049 ], [ 675563.038995211943984, 941318.028872794820927 ], [ 675983.285722044762224, 940866.312585944309831 ], [ 675434.290459760581143, 940499.077537819975987 ], [ 675109.074166106292978, 939259.051843690103851 ], [ 674812.972659288323484, 938970.286019440740347 ], [ 674760.002155773923732, 938461.323158866725862 ], [ 675150.943239714484662, 937102.579608057509176 ], [ 674426.884463825263083, 936447.101303078583442 ], [ 674629.54570648749359, 935353.019505767500959 ], [ 674466.895659017493017, 934733.016137238475494 ], [ 674537.776047845953144, 933549.920693396357819 ], [ 674960.231035366188735, 932567.328199019655585 ], [ 674918.431632693391293, 932014.174627539585344 ], [ 674315.449530217330903, 931348.14916789450217 ], [ 673973.307804103475064, 931534.778878429322504 ], [ 673268.43482679198496, 931554.055117103969678 ], [ 671694.926426606252789, 931238.083994020358659 ], [ 670911.96153143804986, 931511.456025816733018 ], [ 670187.959319924237207, 930800.783730664872564 ], [ 670079.277092264033854, 930435.393405139795505 ], [ 669551.554238306940533, 930212.126055705011822 ], [ 669279.45662727765739, 929392.662177504040301 ], [ 668564.675874538137577, 929124.439429814345203 ], [ 668221.732505115331151, 929521.237399860285223 ], [ 667957.260135562624782, 929564.444233990390785 ], [ 667657.94544360996224, 930072.008162055513822 ], [ 667940.042491214815527, 931156.920087617472745 ], [ 667651.144374656490982, 931819.353503677644767 ], [ 665990.485555647173896, 931259.953829880570993 ] ] ] ] } },
{ "type": "Feature", "properties": { "gid": "COL.23.13_2", "name": "ElTarra", "municipio": "ElTarra", "departamento": "NortedeSantander", "year": 2024, "predicted_ha": 4950.3705288238825, "official_ha": 7664.58, "ratio": 0.64587629443803607 }, "geometry": { "type": "MultiPolygon", "coordinates": [ [ [ [ 702771.292363105108961, 948075.593996725510806 ], [ 702395.64695437438786, 948350.324634255492128 ], [ 702735.240389005630277, 948705.911021804553457 ], [ 702731.949344025575556, 949391.691448049503379 ], [ 702368.065325921052136, 949511.61943800363224 ], [ 702322.968892283039168, 949732.627512319129892 ], [ 702673.239314028061926, 950154.63450085837394 ], [ 702637.662086005322635, 950685.402736603282392 ], [ 702822.683109169593081, 951128.741969025693834 ], [ 702448.494569129077718, 951104.820674769813195 ], [ 702259.276977726607583, 951535.299709886894561 ], [ 702028.36288398236502, 951478.885828557889909 ], [ 701905.25439368118532, 951898.621216924861073 ], [ 702114.043063348624855, 951977.051126689650118 ], [ 702199.666820201207884, 952486.278104592696764 ], [ 701778.859284545527771, 953004.134860025020316 ], [ 702073.262157841818407, 953591.792423563427292 ], [ 702938.141024818876758, 954580.411339748767205 ], [ 703212.821510353358462, 956959.917615581071004 ], [ 703683.117753088474274, 957581.636055322014727 ], [ 703547.751508836401626, 958255.718430351000279 ], [ 703817.638554734643549, 959341.044234223896638 ], [ 704278.725659304647706, 959586.646074668271467 ], [ 705131.639800835167989, 960730.152550712227821 ], [ 705680.209752540453337, 961086.819941588211805 ], [ 705974.700613074237481, 961630.285853905137628 ], [ 706843.525480421609245, 961767.326413683942519 ], [ 706874.511947362101637, 962176.757096980698407 ], [ 707871.367073140922002, 963121.955043882713653 ], [ 708132.90608750062529, 963643.158215802395716 ], [ 708627.718757405877113, 963734.130202421569265 ], [ 708802.088137646904215, 964077.916676815715618 ], [ 709306.7873980558943, 964390.181706095812842 ], [ 709061.437241118401289, 965030.524351476342417 ], [ 709203.838525718776509, 965163.981626359978691 ], [ 709109.21910473331809, 966468.784409792628139 ], [ 709328.146505085285753, 966702.184656418161467 ], [ 709281.446053061401471, 967232.910780534730293 ], [ 709803.456807432230562, 968463.40360810700804 ], [ 711078.177623889409006, 968823.863527619629167 ], [ 711653.183552423142828, 968284.770386080839671 ], [ 712314.541908742394298, 968077.981301802676171 ], [ 712467.189158842433244, 968355.311862894915976 ], [ 712331.386420258320868, 969084.700094868429005 ], [ 713363.24199733173009, 969587.798465853440575 ], [ 713793.329664827906527, 969413.028760852408595 ], [ 714338.735134315327741, 970345.062398386886343 ], [ 714368.934105611755513, 970887.258475601556711 ], [ 714033.187121782451868, 971969.593582450062968 ], [ 714266.872024903772399, 973585.864115136791952 ], [ 714767.485493237385526, 974650.431673603830859 ], [ 714066.393407409195788, 976162.274927896214649 ], [ 713906.415939104976133, 977300.830646496498957 ], [ 713232.913159529678524, 977750.864907817682251 ], [ 712789.895273352623917, 978312.723290437133983 ], [ 712619.924553769058548, 979263.170054070767947 ], [ 712977.050396566628478, 980404.41269095428288 ], [ 713448.03509372100234, 980805.102474244660698 ], [ 713868.057357633602805, 980431.189044208731502 ], [ 715077.29852956160903, 980614.528142850031145 ], [ 716996.997200821060687, 981675.589835510007106 ], [ 717492.767249019583687, 981545.480866878875531 ], [ 717590.011344102560543, 981877.867568987072445 ], [ 718008.595373413525522, 981780.540523089817725 ], [ 718777.035507791559212, 982094.398082914412953 ], [ 719618.722391538205557, 983105.599272861727513 ], [ 719774.885293115628883, 982708.193619561265223 ], [ 720028.153399998438545, 982665.309620389831252 ], [ 720658.459516399307176, 982071.341476961039007 ], [ 721019.231821066699922, 982493.668931880732998 ], [ 721383.599186304723844, 982252.269479103386402 ], [ 721591.726261982345022, 982419.337397119379602 ], [ 723065.080258447793312, 982582.244570197304711 ], [ 723204.708395260968246, 983202.516255270806141 ], [ 723328.207778252894059, 982749.624234865303151 ], [ 723123.657193156890571, 981929.869816449470818 ], [ 723281.008397071156651, 981322.285376365762204 ], [ 722746.803392422501929, 980423.297608854132704 ], [ 722662.100095346220769, 979814.393717358936556 ], [ 723080.42637413518969, 979772.422713166335598 ], [ 723572.202064411249012, 980383.553254998871125 ], [ 723653.996252881945111, 979510.051332861068659 ], [ 723974.639373104088008, 979224.176000407431275 ], [ 725086.560545731917955, 979108.586086587398313 ], [ 725340.959279455244541, 978866.605312227038667 ], [ 725510.32334922766313, 978082.081959474598989 ], [ 725787.832846040837467, 977641.099274215404876 ], [ 725134.332631166907959, 976420.605211994959973 ], [ 723953.641263979952782, 975009.190330466371961 ], [ 723769.530197685817257, 974466.118912945501506 ], [ 725149.298785428400151, 973688.196329326136038 ], [ 725340.54405429540202, 972925.915230710525066 ], [ 726057.398688508896157, 972642.210842438042164 ], [ 726302.106260594679043, 972167.854663613834418 ], [ 726195.398327365983278, 971558.817035423591733 ], [ 725247.973866471438669, 971741.699292651377618 ], [ 724962.82119711744599, 971563.140106420265511 ], [ 724424.494712595711462, 969369.804409158416092 ], [ 725002.176879981183447, 968377.303307224297896 ], [ 725958.745494834380224, 968548.455052851466462 ], [ 726276.451666000531986, 968815.696956861647777 ], [ 726485.91747702495195, 968750.46647983067669 ], [ 726587.331549718044698, 966306.150633142911829 ], [ 728143.755550609319471, 965484.967197537887841 ], [ 729221.628732721088454, 963632.334043393726461 ], [ 728883.638616019627079, 963044.139983897330239 ], [ 729402.739859026391059, 962726.172898749238811 ], [ 728775.938484339392744, 962612.095669589121826 ], [ 728835.227804117836058, 961838.019904168671928 ], [ 728671.937453262042254, 961505.237732679466717 ], [ 729168.429631767561659, 961297.76873331645038 ], [ 729333.05639375152532, 961387.176976126735099 ], [ 729243.962038026773371, 961574.756388437002897 ], [ 729475.058610895532183, 961587.090677619446069 ], [ 729378.36434643343091, 961155.10510936146602 ], [ 729533.384072475833818, 960990.014169931178913 ], [ 729039.315216856775805, 960754.978039992274716 ], [ 728485.659157905494794, 961349.336561195435934 ], [ 728312.264013945590705, 960850.559095102129504 ], [ 728547.482754520140588, 960110.63592992478516 ], [ 729054.996739635476843, 959903.222185028600506 ], [ 728847.846347374841571, 959537.012022101203911 ], [ 729016.603502525598742, 958874.16430161788594 ], [ 729202.954366582911462, 959019.002964473911561 ], [ 729325.743158481665887, 958709.91542089858558 ], [ 729865.695577691891231, 958613.313697945559397 ], [ 729527.35170778457541, 958080.43613086361438 ], [ 729076.188308893702924, 958044.775235122302547 ], [ 729122.946921343915164, 957547.201964635401964 ], [ 729485.865459828288294, 957615.566955388640054 ], [ 729146.719523414853029, 957226.508784445933998 ], [ 729161.358565474161878, 956562.816681599360891 ], [ 729490.956715795211494, 956686.311889290227555 ], [ 729625.304613331216387, 956277.720616940874606 ], [ 729835.08045341912657, 956168.240998753462918 ], [ 729254.207106294576079, 955689.357586864498444 ], [ 729584.175945160910487, 955746.476547543774359 ], [ 730125.379725342150778, 955428.617220936226659 ], [ 729455.333964146091603, 955148.376033441512845 ], [ 729676.244345331797376, 955016.829491583397612 ], [ 729545.403544070781209, 954783.793320586788468 ], [ 729747.443203528528102, 954076.873037235229276 ], [ 730000.480135145247914, 954111.445916721364483 ], [ 729804.244759764987975, 953756.359671437297948 ], [ 730270.887925401097164, 952984.508710617548786 ], [ 730163.996347553096712, 952397.589515901636332 ], [ 730494.295495634083636, 952399.396648585097864 ], [ 730036.046068571391515, 951633.550132198841311 ], [ 730510.63311007199809, 951425.948338275309652 ], [ 729813.936169262742624, 949961.843454070854932 ], [ 729354.4972966973437, 949406.202283590915613 ], [ 727937.406280989642255, 948790.079111517174169 ], [ 727596.072899021091871, 948788.2394692072412 ], [ 726959.707939291605726, 948364.435127789387479 ], [ 726594.51314594806172, 948705.418778964783996 ], [ 725954.82879203860648, 948901.121207433287054 ], [ 725688.210321379359812, 949342.200573428301141 ], [ 725357.896169894374907, 949340.436801382689737 ], [ 725234.774941633455455, 949715.907736954162829 ], [ 724771.751567565370351, 949824.065565788885579 ], [ 723825.513381829019636, 949697.350371612352319 ], [ 723189.25715765170753, 949251.483998657786287 ], [ 722495.606250159675255, 949247.824472377775237 ], [ 721231.278424555435777, 948887.189058248302899 ], [ 718347.344592230976559, 946593.38710414012894 ], [ 718045.928674106136896, 945253.318687452585436 ], [ 716557.743738318211399, 945577.555813060025685 ], [ 714548.672574180061929, 946573.976375892292708 ], [ 714185.940498763695359, 946450.45996694394853 ], [ 713997.643667188705876, 946670.745848520775326 ], [ 713878.036372928414494, 946371.471336188260466 ], [ 713603.05170454387553, 946314.774840543977916 ], [ 713644.415890073287301, 946845.952265285537578 ], [ 713333.616277280962095, 947342.167985452804714 ], [ 713474.015113589353859, 947884.906402589404024 ], [ 712733.722368200542405, 948401.081684728967957 ], [ 712393.136510360171087, 948255.565992158139125 ], [ 712259.850636572693475, 948487.194035674328916 ], [ 711940.56370436178986, 948485.592007108731195 ], [ 711773.974459827877581, 948772.362636660807766 ], [ 711432.892299953848124, 948726.407807219657116 ], [ 711365.616280816029757, 948969.429302289150655 ], [ 711572.086188101093285, 949512.488119212212041 ], [ 711174.0812425352633, 949842.347428731969558 ], [ 710712.62193180155009, 949651.992517854669131 ], [ 710023.698814135510474, 948708.319426003959961 ], [ 710083.473778326413594, 947757.314672967302613 ], [ 709801.43680408434011, 946904.169673020020127 ], [ 709559.705788302235305, 946803.418139354675077 ], [ 708655.455321935820393, 947086.553607547655702 ], [ 708623.842163805384189, 946798.797327921260148 ], [ 708227.96720241883304, 946697.295133979292586 ], [ 708405.05469925981015, 946510.119945221114904 ], [ 708328.581681205658242, 946388.066879539750516 ], [ 707953.36562952643726, 946563.207737706718035 ], [ 707503.087447141879238, 946328.708282404812053 ], [ 707249.366188549320213, 946427.019703721161932 ], [ 706932.66464963380713, 945894.521761699928902 ], [ 706504.180416045361198, 945704.387890794547275 ], [ 705687.702435074839741, 946054.38313295179978 ], [ 704850.450660535483621, 946149.88000466034282 ], [ 704586.956209617201239, 945993.74862303014379 ], [ 704288.936832065461203, 946147.169355942751281 ], [ 704014.271245938260108, 946024.172000261722133 ], [ 703451.961596151813865, 946187.3877802148927 ], [ 702942.4815750567941, 946815.434669650276192 ], [ 702667.395286678685807, 946780.933586912578903 ], [ 702831.694695283425972, 946958.699775560526177 ], [ 702665.383301891037263, 947201.250101423356682 ], [ 702771.292363105108961, 948075.593996725510806 ] ] ] ] } },
{ "type": "Feature", "properties": { "gid": "COL.23.16_2", "name": "Hacarí", "municipio": "Hacarí", "departamento": "NortedeSantander", "year": 2024, "predicted_ha": 791.05831033259631, "official_ha": 1167.26, "ratio": 0.67770531872298911 }, "geometry": { "type": "MultiPolygon", "coordinates": [ [ [ [ 721387.860007310984656, 916320.753633761312813 ], [ 721134.821581401978619, 916242.039752946817316 ], [ 720792.070963630336337, 916472.614533264422789 ], [ 720010.863242438412271, 916247.439432019367814 ], [ 719436.89788821269758, 916443.675661806948483 ], [ 718952.857553595560603, 916286.383648293558508 ], [ 718202.605462469044141, 916481.753281770157628 ], [ 717983.117889761226252, 916303.6684373782482 ], [ 718006.751998404040933, 915982.989537614979781 ], [ 717632.231081008911133, 915959.002946181921288 ], [ 717523.638611418893561, 915637.667779029230587 ], [ 716973.858501207316294, 915402.641980409505777 ], [ 716641.767859350773506, 915710.731223451090045 ], [ 716378.142234930070117, 915543.500566701288335 ], [ 715958.018922029528767, 915829.035296363639645 ], [ 715419.256289909943007, 915594.08468996884767 ], [ 714888.849173187511042, 915901.209303509676829 ], [ 714666.529070466291159, 916298.342053294181824 ], [ 714380.162101859459653, 916274.81534490827471 ], [ 714202.354095476213843, 916583.673264699522406 ], [ 713554.332540818257257, 916160.162413844140247 ], [ 712189.145217150566168, 915932.293263355386443 ], [ 711397.541944721946493, 915574.495485019404441 ], [ 711211.670734799467027, 915274.937484495108947 ], [ 711078.811317791230977, 915407.035801424877718 ], [ 710497.179219345329329, 914917.532226754701696 ], [ 710577.228828061372042, 914309.53420936234761 ], [ 710413.276585971936584, 914032.210470485617407 ], [ 710459.896318322164007, 913501.482634993735701 ], [ 710262.035575864603743, 913400.981564578134567 ], [ 710243.226817972026765, 912726.141826174338348 ], [ 709672.511657304712571, 912247.773868299904279 ], [ 709432.35800173447933, 911770.988532436429523 ], [ 707934.285614199819975, 911653.269946685992181 ], [ 707117.209971846081316, 912003.37757963349577 ], [ 706499.942929987097159, 912044.720419652527198 ], [ 705206.400136423064396, 912967.80520955612883 ], [ 704895.506709446432069, 913475.167780494783074 ], [ 704554.759634906426072, 913296.600974324624985 ], [ 704234.81292001309339, 913383.601108712726273 ], [ 703813.545876882039011, 913934.699206642108038 ], [ 703217.997132358141243, 914053.609570465632714 ], [ 703091.213876000605524, 915258.678846506285481 ], [ 703439.677244990714826, 916145.182253115111962 ], [ 703174.22627473634202, 916365.171251978492364 ], [ 703190.918421076261438, 917515.60141109325923 ], [ 702594.035338395508006, 917933.151375915505923 ], [ 702387.423024154617451, 917345.958757582586259 ], [ 701318.083051604218781, 917484.815140173421241 ], [ 700931.260058104875498, 917748.498648703563958 ], [ 700564.089311585295945, 918532.13906310510356 ], [ 700034.61876283492893, 918673.502386942040175 ], [ 700164.285032887011766, 919227.142810903838836 ], [ 700329.94226933340542, 919139.415557969827205 ], [ 700318.062296761898324, 919327.396894405828789 ], [ 700725.528430135804228, 919362.452442522509955 ], [ 700867.472637576516718, 919639.629867388983257 ], [ 701485.22422712482512, 919465.503228714806028 ], [ 701451.458855609409511, 919620.201274040387943 ], [ 701836.071157287340611, 919832.13878277677577 ], [ 700089.146736165625043, 921195.643011955660768 ], [ 700505.624021260417067, 921662.119039866840467 ], [ 700314.682525313226506, 922457.62799759209156 ], [ 700453.144544320064597, 923486.935474641970359 ], [ 699775.691513444064185, 924678.394351020688191 ], [ 699760.293022835045122, 925629.563725464278832 ], [ 700506.760216447059065, 926186.060558829223737 ], [ 700593.137690379517153, 926562.53415011393372 ], [ 701140.540888868621551, 927284.040731112589128 ], [ 700894.875993901048787, 928001.864631838048808 ], [ 700846.75494654790964, 928875.460911023430526 ], [ 700658.380571980495006, 929117.92713151325006 ], [ 700653.750470987055451, 930113.396271696896292 ], [ 699969.293625888880342, 930453.106636053649709 ], [ 700189.776572816888802, 930409.886188157019205 ], [ 700332.083184076589532, 930598.584250557934865 ], [ 701146.128654195694253, 930812.535930410493165 ], [ 701482.537633535685018, 931887.030941225588322 ], [ 702369.799744941294193, 932919.878221475752071 ], [ 703042.504344127140939, 932735.010726019740105 ], [ 703448.955554112792015, 932958.155754188657738 ], [ 704331.292572922771797, 932696.871388749801554 ], [ 705123.001899803057313, 932966.111741236643866 ], [ 705663.246648879372515, 932847.018796050688252 ], [ 705620.779228478553705, 932514.976477527059615 ], [ 705829.721075263340026, 932582.343892786069773 ], [ 706140.594792255898938, 932063.950308306259103 ], [ 706591.576718640630133, 932187.78826676402241 ], [ 707343.660023594042286, 931538.783766152453609 ], [ 707574.207426616223529, 931694.754521773895249 ], [ 707696.215024153003469, 931518.3603356735548 ], [ 707981.617915404378437, 931718.8439968500752 ], [ 708434.905666635138914, 931367.069830018095672 ], [ 709568.823321354924701, 931483.18888464407064 ], [ 709776.205375707126223, 931871.352786673698574 ], [ 709741.38389370078221, 932236.213947640731931 ], [ 710277.715036692563444, 932924.649909966159612 ], [ 710382.056935192318633, 934108.750284229987301 ], [ 710666.725549033028074, 934453.056064113741741 ], [ 710839.135060515720397, 935228.216235768981278 ], [ 711498.949128283187747, 935430.575539829325862 ], [ 711794.55773091991432, 935786.008749351953156 ], [ 711956.854683151119389, 936373.080955127021298 ], [ 713361.895144685870036, 937309.247462951694615 ], [ 713556.70219391642604, 937996.05087514128536 ], [ 714566.651852245791815, 938642.695763134513982 ], [ 714739.404839347815141, 939329.400048617622815 ], [ 715523.354200796224177, 938924.059449171531014 ], [ 715845.178178426460363, 938438.959281731513329 ], [ 716760.021348522393964, 938288.722183128353208 ], [ 717026.23837849998381, 937913.964882705011405 ], [ 718164.183650044258684, 937211.783297696965747 ], [ 718696.433549325214699, 936506.525678816018626 ], [ 718734.894926536711864, 935444.760349893942475 ], [ 718991.428938168333843, 934815.529560718103312 ], [ 719820.471539560821839, 934233.475051850313321 ], [ 719876.731416695052758, 934001.457783118239604 ], [ 721466.589320696541108, 933268.457268519909121 ], [ 721870.24118141096551, 931887.754867275129072 ], [ 722669.025364964967594, 930785.648288513417356 ], [ 723130.743094861041754, 930965.034282800043002 ], [ 723186.506114758434705, 930832.574941326864064 ], [ 723133.034321812796406, 930522.552338147186674 ], [ 722760.29037276469171, 930177.692373388097622 ], [ 722098.065780487493612, 930428.708602189668454 ], [ 721646.615957989939488, 930393.1981715032598 ], [ 721286.920106987585314, 929650.181029416853562 ], [ 721521.988717278465629, 928921.279728715540841 ], [ 721094.423590602818877, 928520.848706951015629 ], [ 720854.964713820489123, 927955.452001959900372 ], [ 721215.782549527939409, 926331.152796541224234 ], [ 722411.775405543390661, 925120.429589094943367 ], [ 722171.225690591381863, 924765.204148800461553 ], [ 722055.024144291179255, 923791.131665457272902 ], [ 722545.54497163486667, 922665.291649701539427 ], [ 723177.383549121208489, 921916.29408874118235 ], [ 723413.233729137922637, 921043.581759267952293 ], [ 723008.753415544866584, 920422.020818304503337 ], [ 722435.944413920864463, 920396.968986092484556 ], [ 722405.769317218451761, 919832.64059596019797 ], [ 722176.310160327819176, 919455.355281306663528 ], [ 723020.399713125778362, 918143.251389228273183 ], [ 722999.830807133112103, 917855.527413847390562 ], [ 722725.442126335692592, 917643.945478700334206 ], [ 722229.219755557365716, 917718.855607482953928 ], [ 721703.142601334024221, 917163.074931820156053 ], [ 721387.860007310984656, 916320.753633761312813 ] ] ] ] } },
{ "type": "Feature", "properties": { "gid": "COL.23.19_2", "name": "LaPlayadeBelén", "municipio": "LaPlayadeBelén", "departamento": "NortedeSantander", "year": 2024, "predicted_ha": 1.1527332231402398, "official_ha": null, "ratio": null }, "geometry": { "type": "MultiPolygon", "coordinates": [ [ [ [ 714202.354095476213843, 916583.673264699522406 ], [ 714225.960395285626873, 916262.998803739552386 ], [ 713885.096717653214, 916117.530088693718426 ], [ 713747.03951502032578, 915054.933589073014446 ], [ 714201.394007429946214, 914526.188968164264224 ], [ 714115.187702002818696, 914127.546650390140712 ], [ 714303.047577536548488, 914017.846473912941292 ], [ 714327.785259886295535, 913464.8814565918874 ], [ 714604.449008140596561, 913222.874467591405846 ], [ 714651.010860817041248, 912714.262310774880461 ], [ 714872.854567882837728, 912416.679219706798904 ], [ 714785.294732707203366, 912294.572296610800549 ], [ 714986.34538903599605, 911742.46743562805932 ], [ 714458.760043162037618, 911463.350009602145292 ], [ 714625.400734059046954, 911187.619244773755781 ], [ 714427.748863064567558, 911042.853971760137938 ], [ 714659.43008787475992, 910988.674144326592796 ], [ 714616.483522543567233, 910756.168736362364143 ], [ 715004.601547198370099, 910260.283154125325382 ], [ 714432.21731343283318, 910124.754142268677242 ], [ 714181.931407571770251, 909470.897785909241065 ], [ 713642.43559535627719, 909368.726737236836925 ], [ 713281.182737938361242, 908869.205474193324335 ], [ 712247.425747974542901, 908421.760089731425978 ], [ 712303.642884478205815, 908189.737394943134859 ], [ 712050.285010226769373, 908166.397382435388863 ], [ 712051.452961376286112, 907923.048872346058488 ], [ 711776.636366275837645, 907777.930985592538491 ], [ 711503.51158724934794, 907278.854848214192316 ], [ 711581.447969912085682, 907113.304911344195716 ], [ 711844.931228004512377, 907324.735325017594732 ], [ 711770.277753836591728, 906804.485862334142439 ], [ 711287.224851390114054, 906415.023927042842843 ], [ 710591.509142541093752, 906710.367711307946593 ], [ 710555.393800716614351, 907351.760353093151934 ], [ 710255.320659529650584, 907881.281669379328378 ], [ 709293.16393493313808, 908595.704498864361085 ], [ 707801.054618407273665, 909528.868139152764343 ], [ 706003.112504807533696, 909896.515398032264784 ], [ 705256.31720881711226, 909351.035451849340461 ], [ 704947.05220579309389, 909504.45367000834085 ], [ 703679.46338450931944, 909576.009692508494481 ], [ 703475.246428137877956, 908457.900217624381185 ], [ 702878.968268103897572, 908720.621326382970437 ], [ 702529.691607262357138, 907988.991536512854509 ], [ 702165.131377192330547, 908186.41956941364333 ], [ 701879.885207988205366, 907908.590958219021559 ], [ 701988.109531657653861, 908340.463340770918876 ], [ 701293.02112851140555, 908525.325728960568085 ], [ 701040.630646820412949, 908291.896633927477524 ], [ 700704.349791450658813, 907117.912406171904877 ], [ 700321.111320288968273, 906574.192294063046575 ], [ 699626.10950861312449, 906736.964091660454869 ], [ 698848.074760277406313, 905760.111577359493822 ], [ 698627.376565688755363, 905825.485940751736052 ], [ 698659.245728214620613, 906091.087397706578486 ], [ 698835.266847395570949, 906158.242212144425139 ], [ 698635.61766792612616, 906444.926093278219923 ], [ 697798.55537771678064, 906341.63070931553375 ], [ 697936.526546710636467, 905059.202747485600412 ], [ 697264.642396758426912, 904978.782834486220963 ], [ 696968.277966819237918, 904712.00893119641114 ], [ 696570.766811917885207, 904887.215468890150078 ], [ 695987.53185540670529, 904696.6029187082313 ], [ 695461.0023101081606, 904141.249619046458974 ], [ 694678.905288470326923, 904060.387589830090292 ], [ 694360.916997025255114, 903693.996400936739519 ], [ 693799.219991465797648, 903614.117389224469662 ], [ 693810.91615998162888, 903459.321536168339662 ], [ 693501.816758812172338, 903579.638798443833366 ], [ 692587.950038048438728, 903387.638215799583122 ], [ 691890.708723357529379, 904070.364274000981823 ], [ 691668.204631883068942, 904556.059487389284186 ], [ 691667.535413610050455, 904710.901967406040058 ], [ 691810.89001849538181, 904689.401036859257147 ], [ 691733.128829199937172, 904832.849797566537745 ], [ 690596.276373267988674, 905248.240699128014967 ], [ 690086.427268029889092, 905931.789775001001544 ], [ 690326.336770683294162, 906519.017224080278538 ], [ 690193.295927213155665, 906706.470607661060058 ], [ 690389.025637275306508, 907315.630445180926472 ], [ 690244.300564043223858, 907657.87749402387999 ], [ 691136.132436893181875, 907827.630852931528352 ], [ 691112.371827214723453, 908225.701463517150842 ], [ 691811.917811882565729, 909533.862555736210197 ], [ 691455.668546799570322, 910372.90508968452923 ], [ 691551.612291701952927, 911114.369476383086294 ], [ 690888.64409169065766, 911542.844805844360963 ], [ 690315.221760265645571, 911650.964689921587706 ], [ 690102.531418587779626, 912424.268984102876857 ], [ 690420.134268518537283, 912868.057818440371193 ], [ 691772.770235314732417, 913460.143179280217737 ], [ 691836.60508950415533, 913980.262674096855335 ], [ 692165.341298907762393, 914390.937844398198649 ], [ 692196.794433371396735, 914756.070939658675343 ], [ 692019.595294330269098, 914965.443291214993224 ], [ 692500.764562176191248, 915786.029282065457664 ], [ 692455.480681205983274, 916062.342402435606346 ], [ 692079.540352092590183, 916370.384710859274492 ], [ 692021.785768799600191, 916978.456904260558076 ], [ 692207.905942117911763, 917244.725793890655041 ], [ 692494.148304235655814, 917290.226841733558103 ], [ 692745.682015360100195, 917711.634170810226351 ], [ 692456.519364218227565, 918329.747705043875612 ], [ 692739.77597057481762, 919049.930181584786624 ], [ 692429.756777895498089, 919402.498164441436529 ], [ 691745.630764252739027, 919653.876613357453607 ], [ 690865.451861356268637, 919395.626201744773425 ], [ 690976.436811400810257, 919208.084713923512027 ], [ 690734.998018305632286, 918996.880905677215196 ], [ 690480.899474830832332, 919161.67713375762105 ], [ 690512.595898923813365, 919471.506661475053988 ], [ 689886.120074228965677, 919136.964181806426495 ], [ 689804.337534281192347, 920209.463576426613145 ], [ 690276.719227662542835, 920510.15375911607407 ], [ 690641.066127319354564, 920323.719368094694801 ], [ 690959.99566211050842, 920446.780361716984771 ], [ 691002.701717537362128, 920756.659611126990058 ], [ 691332.448847195017152, 920924.013476208085194 ], [ 691506.464420289848931, 921433.559519484522752 ], [ 692035.414322387892753, 921391.647937556379475 ], [ 692221.021210763370618, 921768.524205173016526 ], [ 692649.897868805681355, 921936.328832488390617 ], [ 693164.636884927283973, 922613.305227869888768 ], [ 694939.577535965945572, 922300.469348867307417 ], [ 695205.343718745396473, 921991.962852373952046 ], [ 696572.851883842027746, 921655.237818373017944 ], [ 697457.137498661293648, 920995.594007772859186 ], [ 697648.676445995806716, 920056.295559898717329 ], [ 697990.737156761810184, 919936.17882706283126 ], [ 698307.848867773078382, 920457.478830811101943 ], [ 698402.107968356925994, 921530.808993298443966 ], [ 698012.871506560244597, 922336.476259239716455 ], [ 698065.884627763065509, 922790.211542159202509 ], [ 697756.085868113324977, 923087.442782506579533 ], [ 697994.294692768249661, 923995.515417925547808 ], [ 698443.448291807435453, 924539.548429870163091 ], [ 698418.128049905993976, 925258.388355827890337 ], [ 698582.138422513846308, 925524.600282674189657 ], [ 699760.19103556452319, 925651.685127740260214 ], [ 699775.691513444064185, 924678.394351020688191 ], [ 700453.144544320064597, 923486.935474641970359 ], [ 700314.682525313226506, 922457.62799759209156 ], [ 700505.624021260417067, 921662.119039866840467 ], [ 700100.264626857009716, 921173.572241692570969 ], [ 701836.071157287340611, 919832.13878277677577 ], [ 701451.458855609409511, 919620.201274040387943 ], [ 701485.22422712482512, 919465.503228714806028 ], [ 700867.472637576516718, 919639.629867388983257 ], [ 700725.528430135804228, 919362.452442522509955 ], [ 700318.062296761898324, 919327.396894405828789 ], [ 700329.94226933340542, 919139.415557969827205 ], [ 700164.285032887011766, 919227.142810903838836 ], [ 700068.024114847765304, 918596.229029373731464 ], [ 700564.089311585295945, 918532.13906310510356 ], [ 700931.260058104875498, 917748.498648703563958 ], [ 701318.083051604218781, 917484.815140173421241 ], [ 702387.423024154617451, 917345.958757582586259 ], [ 702594.035338395508006, 917933.151375915505923 ], [ 703190.918421076261438, 917515.60141109325923 ], [ 703174.22627473634202, 916365.171251978492364 ], [ 703439.677244990714826, 916145.182253115111962 ], [ 703091.213876000605524, 915258.678846506285481 ], [ 703217.997132358141243, 914053.609570465632714 ], [ 703813.545876882039011, 913934.699206642108038 ], [ 704301.129291750956327, 913339.665036183316261 ], [ 704895.506709446432069, 913475.167780494783074 ], [ 705206.400136423064396, 912967.80520955612883 ], [ 706499.942929987097159, 912044.720419652527198 ], [ 707117.209971846081316, 912003.37757963349577 ], [ 708000.452314666588791, 911642.521325377281755 ], [ 709509.38653823081404, 911793.478096541948617 ], [ 709672.511657304712571, 912247.773868299904279 ], [ 710243.226817972026765, 912726.141826174338348 ], [ 710262.035575864603743, 913400.981564578134567 ], [ 710459.896318322164007, 913501.482634993735701 ], [ 710413.276585971936584, 914032.210470485617407 ], [ 710577.228828061372042, 914309.53420936234761 ], [ 710497.179219345329329, 914917.532226754701696 ], [ 711078.811317791230977, 915407.035801424877718 ], [ 711189.634044249658473, 915274.831292879651301 ], [ 711365.500861883629113, 915364.171465581981465 ], [ 711397.541944721946493, 915574.495485019404441 ], [ 712189.145217150566168, 915932.293263355386443 ], [ 713554.332540818257257, 916160.162413844140247 ], [ 714202.354095476213843, 916583.673264699522406 ] ] ] ] } },
{ "type": "Feature", "properties": { "gid": "COL.23.30_2", "name": "SanCalixto", "municipio": "SanCalixto", "departamento": "NortedeSantander", "year": 2024, "predicted_ha": 1378.2180238509179, "official_ha": 1086.14, "ratio": 1.2689137899818788 }, "geometry": { "type": "MultiPolygon", "coordinates": [ [ [ [ 702771.292363105108961, 948075.593996725510806 ], [ 702665.383301891037263, 947201.250101423356682 ], [ 702831.694695283425972, 946958.699775560526177 ], [ 702667.395286678685807, 946780.933586912578903 ], [ 702942.4815750567941, 946815.434669650276192 ], [ 703451.961596151813865, 946187.3877802148927 ], [ 704014.271245938260108, 946024.172000261722133 ], [ 704288.936832065461203, 946147.169355942751281 ], [ 704586.956209617201239, 945993.74862303014379 ], [ 704850.450660535483621, 946149.88000466034282 ], [ 705687.702435074839741, 946054.38313295179978 ], [ 706504.180416045361198, 945704.387890794547275 ], [ 706932.66464963380713, 945894.521761699928902 ], [ 707249.366188549320213, 946427.019703721161932 ], [ 707503.087447141879238, 946328.708282404812053 ], [ 707953.36562952643726, 946563.207737706718035 ], [ 708328.581681205658242, 946388.066879539750516 ], [ 708405.05469925981015, 946510.119945221114904 ], [ 708227.96720241883304, 946697.295133979292586 ], [ 708623.842163805384189, 946798.797327921260148 ], [ 708655.455321935820393, 947086.553607547655702 ], [ 709559.705788302235305, 946803.418139354675077 ], [ 709801.43680408434011, 946904.169673020020127 ], [ 710083.473778326413594, 947757.314672967302613 ], [ 710023.698814135510474, 948708.319426003959961 ], [ 710712.62193180155009, 949651.992517854669131 ], [ 711174.0812425352633, 949842.347428731969558 ], [ 711572.086188101093285, 949512.488119212212041 ], [ 711365.616280816029757, 948969.429302289150655 ], [ 711432.892299953848124, 948726.407807219657116 ], [ 711773.974459827877581, 948772.362636660807766 ], [ 711940.56370436178986, 948485.592007108731195 ], [ 712259.850636572693475, 948487.194035674328916 ], [ 712393.136510360171087, 948255.565992158139125 ], [ 712733.722368200542405, 948401.081684728967957 ], [ 713474.015113589353859, 947884.906402589404024 ], [ 713333.616277280962095, 947342.167985452804714 ], [ 713644.415890073287301, 946845.952265285537578 ], [ 713603.05170454387553, 946314.774840543977916 ], [ 713878.036372928414494, 946371.471336188260466 ], [ 713997.643667188705876, 946670.745848520775326 ], [ 714185.940498763695359, 946450.45996694394853 ], [ 714680.967214144766331, 946541.460916102863848 ], [ 716557.743738318211399, 945577.555813060025685 ], [ 717715.482902356539853, 945273.745589403202757 ], [ 718045.928674106136896, 945253.318687452585436 ], [ 718177.265132960164919, 945408.8636502987938 ], [ 718366.047515851561911, 945100.095568850170821 ], [ 718984.099678777973168, 944826.726988623850048 ], [ 719997.523665362386964, 942630.586253655725159 ], [ 721006.326714077964425, 941341.529263437492773 ], [ 720805.858195132226683, 939647.964879754697904 ], [ 721933.297056301031262, 938857.326252785744146 ], [ 722548.871644485974684, 939081.776209852891043 ], [ 722813.644398421165533, 938994.657942797639407 ], [ 723980.674970839405432, 936965.274081132141873 ], [ 723884.040223762160167, 936489.084237062488683 ], [ 724111.892245856462978, 935041.097264592070132 ], [ 723665.388911533402279, 934065.275393376825377 ], [ 723865.895480630686507, 933634.886449880315922 ], [ 723681.817302094656043, 933025.495873351232149 ], [ 723996.735208888305351, 931777.083660545293242 ], [ 723570.370474426890723, 931155.373873223550618 ], [ 722856.510831597726792, 930742.368239110335708 ], [ 722669.025364964967594, 930785.648288513417356 ], [ 721870.24118141096551, 931887.754867275129072 ], [ 721466.589320696541108, 933268.457268519909121 ], [ 719876.731416695052758, 934001.457783118239604 ], [ 719820.471539560821839, 934233.475051850313321 ], [ 718947.147773305070587, 934859.551977578201331 ], [ 718734.894926536711864, 935444.760349893942475 ], [ 718696.433549325214699, 936506.525678816018626 ], [ 718164.183650044258684, 937211.783297696965747 ], [ 717026.23837849998381, 937913.964882705011405 ], [ 716760.021348522393964, 938288.722183128353208 ], [ 715845.178178426460363, 938438.959281731513329 ], [ 715523.354200796224177, 938924.059449171531014 ], [ 714739.404839347815141, 939329.400048617622815 ], [ 714566.651852245791815, 938642.695763134513982 ], [ 713556.70219391642604, 937996.05087514128536 ], [ 713361.895144685870036, 937309.247462951694615 ], [ 711956.854683151119389, 936373.080955127021298 ], [ 711794.55773091991432, 935786.008749351953156 ], [ 711498.949128283187747, 935430.575539829325862 ], [ 710839.135060515720397, 935228.216235768981278 ], [ 710666.725549033028074, 934453.056064113741741 ], [ 710382.056935192318633, 934108.750284229987301 ], [ 710277.715036692563444, 932924.649909966159612 ], [ 709741.38389370078221, 932236.213947640731931 ], [ 709776.205375707126223, 931871.352786673698574 ], [ 709568.823321354924701, 931483.18888464407064 ], [ 708434.905666635138914, 931367.069830018095672 ], [ 707981.617915404378437, 931718.8439968500752 ], [ 707696.215024153003469, 931518.3603356735548 ], [ 707574.207426616223529, 931694.754521773895249 ], [ 707343.660023594042286, 931538.783766152453609 ], [ 706591.576718640630133, 932187.78826676402241 ], [ 706140.594792255898938, 932063.950308306259103 ], [ 705829.721075263340026, 932582.343892786069773 ], [ 705620.779228478553705, 932514.976477527059615 ], [ 705663.246648879372515, 932847.018796050688252 ], [ 705123.001899803057313, 932966.111741236643866 ], [ 704331.292572922771797, 932696.871388749801554 ], [ 703448.955554112792015, 932958.155754188657738 ], [ 703042.504344127140939, 932735.010726019740105 ], [ 702369.799744941294193, 932919.878221475752071 ], [ 701482.537633535685018, 931887.030941225588322 ], [ 701146.128654195694253, 930812.535930410493165 ], [ 700332.083184076589532, 930598.584250557934865 ], [ 700189.776572816888802, 930409.886188157019205 ], [ 699969.293625888880342, 930453.106636053649709 ], [ 700653.750470987055451, 930113.396271696896292 ], [ 700658.380571980495006, 929117.92713151325006 ], [ 700846.75494654790964, 928875.460911023430526 ], [ 701130.297617269796319, 927118.077776191406883 ], [ 700593.137690379517153, 926562.53415011393372 ], [ 700506.760216447059065, 926186.060558829223737 ], [ 699870.494928738335148, 925619.010985996923409 ], [ 698802.135038068052381, 925591.974289907957427 ], [ 698450.616317816078663, 925380.206560145015828 ], [ 698443.448291807435453, 924539.548429870163091 ], [ 697994.294692768249661, 923995.515417925547808 ], [ 697756.085868113324977, 923087.442782506579533 ], [ 698065.884627763065509, 922790.211542159202509 ], [ 698012.871506560244597, 922336.476259239716455 ], [ 698402.107968356925994, 921530.808993298443966 ], [ 698307.848867773078382, 920457.478830811101943 ], [ 698023.685988824581727, 919958.450078618829139 ], [ 697648.676445995806716, 920056.295559898717329 ], [ 697457.137498661293648, 920995.594007772859186 ], [ 696572.851883842027746, 921655.237818373017944 ], [ 695205.343718745396473, 921991.962852373952046 ], [ 694939.577535965945572, 922300.469348867307417 ], [ 693164.636884927283973, 922613.305227869888768 ], [ 692649.897868805681355, 921936.328832488390617 ], [ 692221.021210763370618, 921768.524205173016526 ], [ 692035.414322387892753, 921391.647937556379475 ], [ 691506.464420289848931, 921433.559519484522752 ], [ 691332.448847195017152, 920924.013476208085194 ], [ 691002.701717537362128, 920756.659611126990058 ], [ 690959.99566211050842, 920446.780361716984771 ], [ 690540.471690103644505, 920655.091629911097698 ], [ 690593.372952194884419, 921153.04153538972605 ], [ 690252.320404219324701, 921052.006442377460189 ], [ 689842.133754364913329, 921647.476453157491051 ], [ 689238.441975485300645, 921147.131709378678352 ], [ 688941.643096824991517, 921002.058570440160111 ], [ 689006.681024351972155, 921245.668014169321395 ], [ 688457.862733447109349, 920789.816644565202296 ], [ 688302.782058716518804, 920988.23117461882066 ], [ 688127.678131936350837, 920722.027662348817103 ], [ 687650.571049760910682, 921516.308306682505645 ], [ 687814.132663775468245, 921904.123196887900122 ], [ 687315.486653192900121, 922587.708566870074719 ], [ 687158.987639483064413, 923117.926042869105004 ], [ 687334.131657761521637, 923373.066652140929364 ], [ 686956.859754886594601, 924012.93468963378109 ], [ 687220.881664761225693, 924091.494469444965944 ], [ 687350.432686450658366, 924700.367718739202246 ], [ 687713.390406152815558, 924823.600158274872229 ], [ 687943.259998022345826, 925156.404553358210251 ], [ 688191.791119286091998, 926263.513696011970751 ], [ 688553.336659464868717, 926707.499951302655973 ], [ 688507.352255660458468, 927149.712918157107197 ], [ 689023.081960999639705, 927594.378010677290149 ], [ 689893.579593454604037, 927509.709341366775334 ], [ 690003.08857930789236, 927653.975809139665216 ], [ 689901.386386749101803, 928239.730758723104373 ], [ 690075.856699918513186, 928638.673222522833385 ], [ 689864.600344865582883, 929091.220909078954719 ], [ 689500.032312849070877, 929344.007965828059241 ], [ 689807.488743513589725, 929555.507110303849913 ], [ 689685.172392840264365, 929820.418965438031591 ], [ 689816.409261933062226, 930031.144277057959698 ], [ 690070.693366241874173, 929811.055782534996979 ], [ 690246.567997328820638, 929889.254281529923901 ], [ 690322.002586675807834, 930265.642249285243452 ], [ 690101.295679029426537, 930364.212325685075484 ], [ 689978.344649409758858, 930772.906143837841228 ], [ 690318.827426243457012, 930984.557341130799614 ], [ 690350.058281091973186, 931393.932082037208602 ], [ 690788.132072193780914, 931948.89495125238318 ], [ 691239.616202190634795, 931961.959630953962915 ], [ 691381.260191161651164, 932305.465273794252425 ], [ 691215.574514860054478, 932415.333450501668267 ], [ 691456.824316072976217, 932648.677621707203798 ], [ 691376.828854945604689, 933300.891986676491797 ], [ 690758.105910095735453, 933751.620571388979442 ], [ 690269.191499519045465, 934733.833011955372058 ], [ 690597.298355762730353, 935244.071833028690889 ], [ 690562.885298768174835, 935553.612485550227575 ], [ 691290.126651563332416, 935457.307226628181525 ], [ 691597.477445319178514, 935679.890721526229754 ], [ 691754.021353730699047, 935149.684470403706655 ], [ 692050.905783460941166, 935250.558187641203403 ], [ 692361.033997680759057, 934853.767532510333695 ], [ 692285.137441207887605, 934587.973445700714365 ], [ 693056.952053359011188, 934381.287542660837062 ], [ 692944.986923131393269, 934790.026580850593746 ], [ 693061.790180984186009, 935752.826003567548469 ], [ 692484.984434211160988, 936679.321109197684564 ], [ 694312.561016897321679, 936776.062987055163831 ], [ 694480.905411115498282, 938502.298137234523892 ], [ 694787.664321496267803, 938846.578231595805846 ], [ 695809.549038933124393, 939326.864932673168369 ], [ 696214.172762075555511, 939937.067664414294995 ], [ 696099.329391937470064, 940965.195175759028643 ], [ 695456.735859053093009, 941824.983899532817304 ], [ 695879.073881526244804, 943364.377880086307414 ], [ 697503.6195478545269, 944444.804027874837629 ], [ 697952.40429003816098, 945011.002088585519232 ], [ 697916.122490816749632, 945707.672001258819364 ], [ 698366.024721933528781, 946030.542700953665189 ], [ 699675.148536297492683, 946257.911114807939157 ], [ 700777.648866753675975, 945942.349036450381391 ], [ 701393.627118853619322, 946066.943862676969729 ], [ 701905.821234314120375, 947175.497876914683729 ], [ 702771.292363105108961, 948075.593996725510806 ] ] ] ] } },
{ "type": "Feature", "properties": { "gid": "COL.23.32_2", "name": "SanJosédeCúcuta", "municipio": "SanJosédeCúcuta", "departamento": "NortedeSantander", "year": 2024, "predicted_ha": 221.15951371341944, "official_ha": null, "ratio": null }, "geometry": { "type": "MultiPolygon", "coordinates": [ [ [ [ 767409.986203015083447, 854535.454191325115971 ], [ 766619.277325504692271, 855781.297737390501425 ], [ 766622.637778274482116, 857131.238129804609343 ], [ 766322.146238046232611, 857572.125467853620648 ], [ 766726.380287348874845, 858293.647625586367212 ], [ 766746.496025492670015, 858636.775700262165628 ], [ 767174.995231713051908, 858971.171126146567985 ], [ 766964.937400206690654, 859036.360909875947982 ], [ 768400.190296789398417, 860859.252662368118763 ], [ 768721.872482318780385, 862487.676198964240029 ], [ 767714.31658268882893, 863068.31881903053727 ], [ 767079.995944938855246, 863994.133031580247916 ], [ 766436.567802677396685, 864587.947378398152068 ], [ 766468.019943797262385, 864875.816778581240214 ], [ 766732.079945780802518, 865010.11289438419044 ], [ 766532.573773587704636, 865163.876449102768674 ], [ 766291.132358156261034, 866855.428304474102333 ], [ 766533.048238888382912, 867000.664417806197889 ], [ 766519.594140089116991, 867421.056081888615154 ], [ 767091.941533282981254, 867667.785546973347664 ], [ 767056.221810564864427, 868121.245196939446032 ], [ 767629.455112895229831, 868213.079176954110153 ], [ 767707.970965359825641, 867992.23223793588113 ], [ 768579.437145357951522, 868030.479307593079284 ], [ 768710.619937539682724, 868241.478937885025516 ], [ 768468.008523250347935, 868217.939589114510454 ], [ 769104.611022020224482, 868797.028765051742084 ], [ 768925.691659496980719, 869205.398382733110338 ], [ 769287.924144057789817, 869528.399293913273141 ], [ 769154.104578996775672, 869771.053152618929744 ], [ 769605.695290467236191, 869906.471061588847078 ], [ 770152.372282170457765, 870761.692954273195937 ], [ 770561.832596437539905, 870553.853149213828146 ], [ 770537.104311874834821, 871007.385205728234723 ], [ 770778.46784699568525, 871241.174020994803868 ], [ 770667.032211542711593, 871428.629621523665264 ], [ 771051.235215167049319, 871762.848446860560216 ], [ 770971.790510921273381, 872138.602331629954278 ], [ 770651.642342547420412, 872169.914947405806743 ], [ 770649.56016066740267, 872523.992694243672304 ], [ 770892.93237958161626, 872414.771484500728548 ], [ 770990.728833953151479, 872669.850043399143033 ], [ 770669.412258081021719, 872900.330192509223707 ], [ 770327.660030798288062, 872854.059169403859414 ], [ 770163.404941053595394, 872642.85385753843002 ], [ 769863.769876179983839, 872939.857261316734366 ], [ 769466.726451108348556, 872915.398856844054535 ], [ 769333.233970425091684, 873102.725631513632834 ], [ 769190.588478608056903, 872969.107890231302008 ], [ 769034.385038146981969, 873266.954132402781397 ], [ 768904.001392780570313, 872923.170620413962752 ], [ 768331.85977134865243, 872654.265743777621537 ], [ 768176.436532694031484, 872819.336450614733621 ], [ 767967.270268098684028, 872740.661680404446088 ], [ 768009.27259384514764, 873106.055217402637936 ], [ 767710.108922147075646, 873325.614468639018014 ], [ 767711.590688972501084, 873071.125890097813681 ], [ 767392.551773634040728, 872914.358658240758814 ], [ 767196.988470672862604, 872393.164554976625368 ], [ 766943.625425652600825, 872325.304036440444179 ], [ 766589.302805154700764, 872544.550503489444964 ], [ 766170.454100442584604, 872475.735833234968595 ], [ 766113.371939816046506, 872807.354915991425514 ], [ 765648.479813860263675, 873070.226360480068251 ], [ 765810.636879495112225, 873646.541084667318501 ], [ 766085.415296310791746, 873825.170937432907522 ], [ 765929.428568515693769, 874089.827031834400259 ], [ 766205.357967467978597, 874069.295462293317541 ], [ 765927.570435137255117, 874410.700364741380326 ], [ 766400.211694090394303, 874712.195443803793751 ], [ 765812.380107465200126, 875250.970534416032024 ], [ 766053.538241042755544, 875517.928305023116991 ], [ 766026.144083011196926, 876436.163121331017464 ], [ 766398.060667389072478, 876980.510398154146969 ], [ 766095.259002867853269, 877830.754079654463567 ], [ 766158.289536054478958, 878373.306154251215048 ], [ 765393.165900425985456, 879054.883876750711352 ], [ 765821.048611056641676, 879455.711998982238583 ], [ 765655.136905312770978, 879532.200956291868351 ], [ 765418.535488927271217, 880382.826448739389889 ], [ 765108.781628681812435, 880535.933642798336223 ], [ 765271.662139147520065, 880979.479254992562346 ], [ 764894.057974395807832, 881419.879693663096987 ], [ 765252.638679328607395, 882351.423222407116555 ], [ 765106.669180784141645, 882793.170452496502548 ], [ 765303.528310839319602, 883082.007753189420328 ], [ 765322.034695673035458, 883690.689199945656583 ], [ 764916.894519786350429, 885071.442985311266966 ], [ 765256.796895607141778, 885416.443959783297032 ], [ 765122.374969421885908, 885769.736646389123052 ], [ 765208.66523869917728, 886102.190854494925588 ], [ 765669.16102638177108, 886569.619705205899663 ], [ 766027.524143458576873, 887523.317628205870278 ], [ 765768.983326413668692, 888351.674748721066862 ], [ 765492.554146393551491, 888471.764770447625779 ], [ 765555.277077444945462, 889058.579320576041937 ], [ 765356.376139561180025, 889123.799856777652167 ], [ 765616.432445961050689, 889910.946034312830307 ], [ 765501.002713312627748, 890784.403107901336625 ], [ 766050.506449012784287, 891108.531209241133183 ], [ 766166.776496222242713, 891961.229069135268219 ], [ 766109.412715048296377, 892337.102388376719318 ], [ 765788.238910797284916, 892567.569527348037809 ], [ 765709.215196998557076, 892876.923900295631029 ], [ 766079.300306646036915, 893697.928902447340079 ], [ 765546.523061188752763, 894281.222853717627004 ], [ 765919.01864868728444, 894692.836123684188351 ], [ 766212.215952262980863, 895458.066956814727746 ], [ 765868.151684758951887, 895832.237322044209577 ], [ 766040.89889093185775, 896452.90796235750895 ], [ 767083.740798669168726, 897244.744383556302637 ], [ 767778.67566505051218, 897204.638303979067132 ], [ 768173.110392486210912, 897627.48101992928423 ], [ 768725.166203076252714, 897509.077290373155847 ], [ 769272.961471707676537, 898098.835735846543685 ], [ 769670.714714261936024, 897968.449743561446667 ], [ 770306.838591524632648, 898536.628997866762802 ], [ 770402.59176600468345, 899112.611105013522319 ], [ 771247.715094983461313, 899759.537745023379102 ], [ 770864.487357291858643, 901129.328053150791675 ], [ 771654.363321766722947, 901787.006035815458745 ], [ 771725.323945165844634, 902805.470036744256504 ], [ 772252.716222661314532, 903107.468070846633054 ], [ 771950.49141841637902, 903847.011022098246031 ], [ 772268.933336768299341, 904059.209054558188654 ], [ 772099.688250449718907, 904688.91002244874835 ], [ 771482.153674679226242, 904707.257392227067612 ], [ 771146.871641848119907, 905446.596675394568592 ], [ 771365.672756025800481, 905724.574369266163558 ], [ 772017.150047844741493, 905562.585367736639455 ], [ 772247.242940066149458, 905796.376142535358667 ], [ 772659.914936463814229, 906816.953270342899486 ], [ 772140.130074005806819, 907079.328341610729694 ], [ 772390.829612816683948, 907545.627665015868843 ], [ 772221.989565088762902, 908108.934480349416845 ], [ 772626.879576746607199, 908598.3193568601273 ], [ 772470.972319100983441, 908851.867031650152057 ], [ 771941.276153759565204, 908937.126226504100487 ], [ 771993.190836499677971, 909457.529691072646528 ], [ 771748.69051228358876, 909776.925361473113298 ], [ 771769.169591512065381, 910031.560259453137405 ], [ 771232.005667605553754, 909541.368386085727252 ], [ 770824.53563519846648, 909472.472082810709253 ], [ 770760.633660025312565, 909106.917839867877774 ], [ 770398.000689675565809, 908916.58158546872437 ], [ 770334.025425326428376, 908562.094397322507575 ], [ 769452.925097646657377, 908423.92519094015006 ], [ 768910.869495761930011, 908730.452472266391851 ], [ 768695.557297159451991, 909691.828176285838708 ], [ 768902.710194404469803, 910069.313431350397877 ], [ 768768.202866904204711, 910433.650589135708287 ], [ 768919.490580988116562, 910932.515760987065732 ], [ 768649.87007428961806, 911760.773237711051479 ], [ 768645.139920611167327, 912535.320458879228681 ], [ 769569.720000283559784, 914554.890856340178289 ], [ 769912.351448118104599, 916194.689318229444325 ], [ 769328.596661957213655, 916124.70267590531148 ], [ 769029.916948029422201, 916299.913740232936107 ], [ 769083.598229615949094, 916532.617593567236327 ], [ 768475.906232570181601, 916772.324973462382331 ], [ 768523.861438244814053, 916141.892112420988269 ], [ 767982.503856355557218, 916348.81780786102172 ], [ 767641.910938369808719, 916169.689471160643734 ], [ 764378.355214830953628, 916337.972719400422648 ], [ 764179.033164714695886, 916491.68054702761583 ], [ 763487.145319185568951, 916078.105370683711953 ], [ 763901.228307359619066, 916866.216519734938629 ], [ 763646.403835127479397, 917085.981042061932385 ], [ 763821.877021612832323, 917230.88438858196605 ], [ 763684.88418225874193, 918015.675744424108416 ], [ 764126.261873026960529, 917929.820438878727145 ], [ 764354.157322614570148, 918517.647758844657801 ], [ 764021.923069031327032, 918781.199861572240479 ], [ 764229.244104499695823, 919125.47137263242621 ], [ 764029.196182540967129, 919400.887588900630362 ], [ 764326.286958839860745, 919480.141788509790786 ], [ 763872.496864367043599, 919798.281854621949606 ], [ 764147.074357399484143, 919954.854916827520356 ], [ 764255.067420009290799, 920320.657104641548358 ], [ 764011.007855689153075, 920584.740095601067878 ], [ 764075.588154792087153, 920839.628193909185939 ], [ 763887.638822973705828, 920938.07500261394307 ], [ 763995.494829511386342, 921326.006124560837634 ], [ 764643.470731701236218, 921695.088503566919826 ], [ 765637.046584702562541, 921413.445523978210986 ], [ 765502.508146571810357, 921788.841387403663248 ], [ 765837.305469844839536, 922908.472116361488588 ], [ 765475.741246174904518, 922563.241474001901224 ], [ 765286.375416223192587, 922894.041234486037865 ], [ 765616.365296258591115, 922995.643170628580265 ], [ 765438.08655123016797, 923315.444690247881226 ], [ 765735.148770736064762, 923394.716983033111319 ], [ 765755.83464736607857, 923616.147890545427799 ], [ 766030.312911523273215, 923783.806718946434557 ], [ 765808.495416717836633, 924014.818205152754672 ], [ 766138.204610938904807, 924160.6862740481738 ], [ 766004.883622147841379, 924336.912979227490723 ], [ 766143.115495404694229, 925156.589252180187032 ], [ 765920.759059878066182, 925476.117078266106546 ], [ 765915.258236491354182, 926372.36810679663904 ], [ 766127.816209790995345, 925853.606584111927077 ], [ 767219.953369376598857, 925661.152084724861197 ], [ 767779.462304595857859, 924281.433289269101806 ], [ 767550.229575897101313, 923925.928276641527191 ], [ 768557.416221515042707, 923223.95852186717093 ], [ 769024.848410291364416, 922485.464014155906625 ], [ 770016.267384427133948, 922558.001269765198231 ], [ 770071.812936668284237, 920710.40235373575706 ], [ 770270.599901030538604, 920645.241591235855594 ], [ 770260.951301786350086, 920423.870948479743674 ], [ 770937.079326396342367, 919808.395295512746088 ], [ 771875.877954168128781, 919493.332601118367165 ], [ 772159.978121370309964, 921652.912142992485315 ], [ 771954.479865910485387, 922791.392647383618169 ], [ 772224.168429897865281, 923722.599584466777742 ], [ 772096.217589563922957, 924795.170682418975048 ], [ 772388.75184271344915, 925593.738880538847297 ], [ 773015.137250335421413, 925874.324371173861437 ], [ 773162.782761261216365, 926926.505245361826383 ], [ 773188.36277758621145, 928110.707416522316635 ], [ 772844.393000490381382, 928484.771285147289746 ], [ 772936.640255636768416, 929580.867151849088259 ], [ 773817.514411916257814, 929686.040094405645505 ], [ 774138.958707983372733, 929389.302199112251401 ], [ 774424.255130188306794, 929579.235507384873927 ], [ 775088.070660267490894, 929162.955482503166422 ], [ 774865.787210250971839, 929460.320141188800335 ], [ 774818.257873196620494, 930002.248452385771088 ], [ 775300.473373643122613, 930414.764577690511942 ], [ 775840.535048392484896, 930396.084288805141114 ], [ 775800.9630094722379, 931413.905020581209101 ], [ 776770.099829748272896, 931497.584679809981026 ], [ 776898.55083825183101, 932084.914233427494764 ], [ 777280.345988085842691, 932684.944065460003912 ], [ 777698.614240730646998, 932754.039705066825263 ], [ 777722.722856787382625, 932433.276205916306935 ], [ 777932.501959780696779, 932368.233767425641418 ], [ 778139.420032168505713, 932745.822086850530468 ], [ 778468.896789143327624, 932913.947740984731354 ], [ 783353.040781007730402, 927467.885209977976047 ], [ 783158.15474759391509, 926935.413448756444268 ], [ 783439.383374807424843, 926062.993369745789096 ], [ 783331.349301068810746, 925730.289256635238416 ], [ 782648.58110131486319, 925648.365285845822655 ], [ 781632.178433471592143, 926029.074591148062609 ], [ 781193.662687909323722, 925672.101013428997248 ], [ 781206.764884229982272, 925351.260090301861055 ], [ 781439.703796854009852, 925120.376554973307066 ], [ 782563.301879289094359, 925205.14852484234143 ], [ 782795.962190632009879, 925018.534114139620215 ], [ 781964.502782426774502, 924072.471237647347152 ], [ 781926.380254297051579, 923153.707699296297505 ], [ 782289.358546954346821, 923266.728648988180794 ], [ 782386.103121285093948, 923643.617971098632552 ], [ 782553.145852888235822, 923379.108071347698569 ], [ 782186.185360321891494, 922181.544192223809659 ], [ 781496.492186542134732, 921457.75948251655791 ], [ 781422.630712977959774, 920948.227427225792781 ], [ 781708.764052086975425, 921016.475232143420726 ], [ 781925.973348180996254, 921515.870395281002857 ], [ 782171.243395371711813, 921085.867158897104673 ], [ 782864.099975635297596, 921322.757709170109592 ], [ 782780.595603645313531, 920602.892231192672625 ], [ 783299.413385002641007, 920484.529512156033888 ], [ 783477.059038850595243, 920286.486328649683855 ], [ 783928.959959935047664, 920289.426915510324761 ], [ 784107.186520424787886, 920002.856067845248617 ], [ 784715.424493134138174, 919696.956180424778722 ], [ 784332.027465887833387, 919329.257150112534873 ], [ 784633.236242452287115, 918777.888131916639395 ], [ 785163.758739882032387, 918560.015352011309005 ], [ 785408.495460865786299, 918218.545870214467868 ], [ 784946.195182286319323, 918115.928899562335573 ], [ 785158.007375140674412, 917752.109910513157956 ], [ 784717.531328124459833, 917682.8393795855809 ], [ 784521.138580772327259, 917371.695359627716243 ], [ 785636.538375196279958, 917058.030403566313908 ], [ 785495.766895546461456, 916669.777040163055062 ], [ 785644.118995964992791, 915896.075024055782706 ], [ 785242.236931941937655, 914974.922588976216502 ], [ 785473.729217342217453, 914976.428852793993428 ], [ 785657.522830547532067, 915530.960991711588576 ], [ 786387.016200320795178, 915236.918909105705097 ], [ 787190.063295759260654, 915496.708941418793984 ], [ 787342.79545486648567, 915741.180522641399875 ], [ 788002.38259577495046, 916022.183210015413351 ], [ 787568.272672828985378, 914979.046263730269857 ], [ 787442.803340113721788, 913937.94020843564067 ], [ 787090.546555756824091, 913858.167802884592675 ], [ 787379.991083642584272, 913428.454555771662854 ], [ 787040.488870179164223, 913083.163974229246378 ], [ 787228.114798336056992, 913051.189361703698523 ], [ 787337.053106474457309, 913251.104394419351593 ], [ 787855.690915531245992, 913177.030881686136127 ], [ 787702.94748082687147, 912932.559692756622098 ], [ 787882.304649085970595, 912479.992269193404354 ], [ 788466.591960342833772, 912483.820949857705273 ], [ 787830.658851994667202, 911948.444712487864308 ], [ 788354.097759093972854, 911143.987731169559993 ], [ 788168.706039363518357, 910832.901562169776298 ], [ 788804.727215056773275, 909675.038205975783058 ], [ 788585.891336405649781, 909419.067172326962464 ], [ 789140.046529190032743, 908980.016541050979868 ], [ 788946.081010543042794, 908292.596698952373117 ], [ 789325.146551584242843, 907653.19349766720552 ], [ 789511.929476193734445, 907754.018902087234892 ], [ 789491.762086447095498, 907466.145528870518319 ], [ 789778.646744281053543, 907434.823412185534835 ], [ 789231.560012709116563, 906789.359079722780734 ], [ 789826.374433848774061, 906881.78625515778549 ], [ 789972.320074438815936, 906484.330067150760442 ], [ 789718.868738267687149, 906460.53680789063219 ], [ 789708.928928716573864, 906294.467000525793992 ], [ 790513.172594092553481, 906399.339361416059546 ], [ 790076.626791161717847, 905710.3224808704108 ], [ 790275.677224218728952, 905623.089764995616861 ], [ 790266.245512391673401, 905379.553443622542545 ], [ 790520.066582649713382, 905348.015100167714991 ], [ 790869.500354904099368, 904188.264232899062335 ], [ 791414.015933818649501, 903549.94346621807199 ], [ 791272.336753170122392, 903294.471011221408844 ], [ 791422.069458847865462, 902321.547693390864879 ], [ 791168.809036348713562, 902264.553725461824797 ], [ 791115.701195735251531, 901954.32803016831167 ], [ 790904.810806456021965, 902163.222955854493193 ], [ 790829.212639773730189, 901919.253556146053597 ], [ 790278.434529171092436, 901827.121343449223787 ], [ 790292.56470406614244, 901351.332272212486714 ], [ 790074.182564123766497, 901017.899556309334002 ], [ 790120.309511671774089, 900708.324301683926024 ], [ 790616.037101797992364, 900789.023765375372022 ], [ 790189.067624116316438, 900310.360331120435148 ], [ 790444.430017011705786, 900046.415046362788416 ], [ 790620.654823190066963, 900080.764230840257369 ], [ 790469.727979065850377, 899548.564365450059995 ], [ 790746.862593582598493, 899329.028755786945112 ], [ 790693.093130398541689, 899118.405025370186195 ], [ 790847.554736061720178, 899108.34408317215275 ], [ 790782.541008765576407, 898930.848051884793676 ], [ 790959.41969549562782, 898865.598046520375647 ], [ 791049.80644905695226, 898534.1755536821438 ], [ 790664.115406855242327, 898487.396168490871787 ], [ 790530.844123284565285, 898630.400339825311676 ], [ 790510.22766501433216, 898408.926112920511514 ], [ 790124.105278988718055, 898428.550957946572453 ], [ 789882.998516956460662, 898194.579805678455159 ], [ 789841.326506188022904, 897818.03321856551338 ], [ 789554.596987934783101, 897816.175197007018141 ], [ 789687.865753911086358, 897673.168392851366661 ], [ 789500.603242077399045, 897638.754794150823727 ], [ 789305.533545417943969, 897106.280942100449465 ], [ 789616.830182543490082, 896720.95250928227324 ], [ 789822.715588249731809, 895582.390499280183576 ], [ 791193.792984685627744, 895048.992352569825016 ], [ 791982.965237928787246, 894113.419568539247848 ], [ 791856.152415375225246, 893260.429072094731964 ], [ 792329.45567382266745, 891714.108459319919348 ], [ 792261.436288501601666, 890297.076938096550293 ], [ 792488.352449160069227, 889324.641744363703765 ], [ 792105.368708272930235, 888846.277088533970527 ], [ 791709.345026086317375, 888677.711699487292208 ], [ 791536.070794915081933, 888178.576488525839522 ], [ 792380.549896372016519, 887232.26080309250392 ], [ 792146.010710096452385, 885969.099270358099602 ], [ 792236.329426739132032, 885648.736405686242506 ], [ 792015.918601116864011, 885614.114773768465966 ], [ 790742.716815369669348, 886325.28308752051089 ], [ 790351.168600666103885, 887174.925030428101309 ], [ 790107.073749635368586, 887394.697681757272221 ], [ 789742.991927969036624, 887403.431220435886644 ], [ 789077.477925368002616, 887974.648839642526582 ], [ 788963.706616012845188, 888516.195959470816888 ], [ 788387.165420330129564, 888977.317043036455289 ], [ 787658.544431936694309, 889072.270167401293293 ], [ 787197.324176413472742, 888748.400152238202281 ], [ 786865.859598410548642, 888834.827049727202393 ], [ 786778.46244583139196, 888701.472171199158765 ], [ 786213.826121460879222, 889029.889166280510835 ], [ 784879.907300929306075, 888910.788490117993206 ], [ 784682.904321693116799, 888666.083454722189344 ], [ 785043.119389692088589, 887517.437911117449403 ], [ 784767.364119317382574, 887515.700951074832119 ], [ 784659.011832911870442, 887205.157563627231866 ], [ 784384.020418657455593, 887081.697371529066004 ], [ 784498.009175800951198, 886495.891431474476121 ], [ 784058.944182964041829, 886150.075964486924931 ], [ 784162.243021530797705, 885508.87092729494907 ], [ 784483.173528580693528, 885344.886908960528672 ], [ 784365.790119502460584, 884713.363463801913895 ], [ 784090.434760930016637, 884645.240173627971672 ], [ 783575.926032667048275, 884011.238738536951132 ], [ 783233.690553680760786, 884053.368327940814197 ], [ 782989.148133663344197, 884350.634555129334331 ], [ 782327.712547477683984, 884280.118328595417552 ], [ 782088.953011506004259, 883647.857571909902617 ], [ 781737.335823475848883, 883424.351165548199788 ], [ 782071.080529243685305, 882972.705326643888839 ], [ 782018.738529276917689, 882518.664651832310483 ], [ 781205.509084082674235, 882015.652253854786977 ], [ 781406.055627812165767, 881695.972190183936618 ], [ 779995.341558167943731, 881477.019890699652024 ], [ 779809.64482338365633, 881177.094945249613374 ], [ 778300.991792610613629, 880736.282538405270316 ], [ 778259.837762423790991, 880249.13004022045061 ], [ 777391.583946055499837, 879712.679312376421876 ], [ 777459.656549300416373, 879403.248759407200851 ], [ 776944.19162758893799, 878902.156535408459604 ], [ 777122.645280838944018, 878582.32947238930501 ], [ 776970.413250446785241, 878216.234219937119633 ], [ 777391.705583984032273, 877875.74707776051946 ], [ 777283.465307526174001, 877532.049407226848416 ], [ 777714.857596419169568, 877346.546068501542322 ], [ 777849.258410457288846, 877015.385282902512699 ], [ 778221.59616369032301, 877471.349320911220275 ], [ 778410.825631864368916, 877195.852069041226059 ], [ 778104.948731353739277, 876696.02662690076977 ], [ 778447.085384544334374, 876675.973784802597947 ], [ 778523.302231046603993, 876842.426334594725631 ], [ 779286.153192034456879, 876581.489175335853361 ], [ 779189.423905540956184, 876160.391892852378078 ], [ 779520.197504898766056, 876195.606438779621385 ], [ 779843.722074451856315, 875611.081195343169384 ], [ 780242.252493683481589, 875392.193888211390004 ], [ 780200.013896104763262, 875082.086110720527358 ], [ 779726.006403763778508, 875012.797597328550182 ], [ 780016.708333696238697, 874383.806230373331346 ], [ 779748.899463533307426, 873065.317731823539361 ], [ 779809.382161589106545, 872191.470361900748685 ], [ 779964.928238352295011, 872015.359649718273431 ], [ 779579.089389502303675, 871957.685250426991843 ], [ 779582.447613103315234, 871404.405930970795453 ], [ 778015.604177298489958, 871405.99123491870705 ], [ 777215.079311463749036, 870582.298282247036695 ], [ 777582.121834305813536, 870097.609327535144985 ], [ 777000.980393595295027, 869485.499160353909247 ], [ 776502.26613040221855, 869847.67994622758124 ], [ 776122.944373295875266, 870542.549570040544495 ], [ 775826.293515500845388, 870330.526306551182643 ], [ 775516.227547141490504, 870516.789943190990016 ], [ 774915.971723797149025, 869406.645818024524488 ], [ 774822.063830330036581, 868498.706726051983424 ], [ 774418.663139851298183, 867677.45783548860345 ], [ 773496.434335771482438, 866886.347546385950409 ], [ 773289.719471391988918, 866387.180698116193525 ], [ 773393.40067141444888, 865646.404538495233282 ], [ 773122.224506344413385, 864848.093720009084791 ], [ 773226.939193352591246, 863930.276120593538508 ], [ 772969.177634249906987, 862722.628485670429654 ], [ 773152.425924858427607, 861583.962269819574431 ], [ 772959.485521482070908, 860609.074138762662187 ], [ 772304.051911262096837, 859454.445651125046425 ], [ 772157.469152483390644, 858092.552795222494751 ], [ 771059.671321007190272, 857079.242170363548212 ], [ 770717.988917029346339, 856999.810073445201851 ], [ 770190.855133351171389, 856543.094543980900198 ], [ 769122.284673028858379, 856193.930047820089385 ], [ 767409.986203015083447, 854535.454191325115971 ] ] ] ] } },
{ "type": "Feature", "properties": { "gid": "COL.23.35_2", "name": "Sardinata", "municipio": "Sardinata", "departamento": "NortedeSantander", "year": 2024, "predicted_ha": 2207.8124310013654, "official_ha": 5162.64, "ratio": 0.42765182755360925 }, "geometry": { "type": "MultiPolygon", "coordinates": [ [ [ [ 724693.195169759215787, 905596.063852791907266 ], [ 725330.421433756826445, 905997.544744812883437 ], [ 724563.20261194894556, 907321.124425308429636 ], [ 724427.185917724273168, 908061.608215995132923 ], [ 723486.434083575149998, 908842.259335075272247 ], [ 722995.989027026342228, 909934.93918228673283 ], [ 723490.280533817247488, 910258.247388803283684 ], [ 723607.180782972252928, 911110.634933469351381 ], [ 722478.881635705009103, 911945.647043492994271 ], [ 721648.045504195732065, 912804.301214570645243 ], [ 720812.454708551522344, 914614.281194745679386 ], [ 721425.725093582062982, 915369.59941438829992 ], [ 721311.95931917312555, 916077.002477043075487 ], [ 721703.142601334024221, 917163.074931820156053 ], [ 722229.219755557365716, 917718.855607482953928 ], [ 722725.442126335692592, 917643.945478700334206 ], [ 722999.830807133112103, 917855.527413847390562 ], [ 723020.399713125778362, 918143.251389228273183 ], [ 722176.310160327819176, 919455.355281306663528 ], [ 722405.769317218451761, 919832.64059596019797 ], [ 722435.944413920864463, 920396.968986092484556 ], [ 723008.753415544866584, 920422.020818304503337 ], [ 723413.233729137922637, 921043.581759267952293 ], [ 723177.383549121208489, 921916.29408874118235 ], [ 722545.54497163486667, 922665.291649701539427 ], [ 722055.024144291179255, 923791.131665457272902 ], [ 722171.225690591381863, 924765.204148800461553 ], [ 722411.775405543390661, 925120.429589094943367 ], [ 721215.782549527939409, 926331.152796541224234 ], [ 720854.964713820489123, 927955.452001959900372 ], [ 721094.423590602818877, 928520.848706951015629 ], [ 721521.988717278465629, 928921.279728715540841 ], [ 721286.920106987585314, 929650.181029416853562 ], [ 721646.615957989939488, 930393.1981715032598 ], [ 722859.256127220578492, 930211.39075153239537 ], [ 723133.034321812796406, 930522.552338147186674 ], [ 723130.743094861041754, 930965.034282800043002 ], [ 723570.370474426890723, 931155.373873223550618 ], [ 723996.735208888305351, 931777.083660545293242 ], [ 723681.817302094656043, 933025.495873351232149 ], [ 723865.895480630686507, 933634.886449880315922 ], [ 723665.388911533402279, 934065.275393376825377 ], [ 724111.892245856462978, 935041.097264592070132 ], [ 723884.040223762160167, 936489.084237062488683 ], [ 723980.674970839405432, 936965.274081132141873 ], [ 726466.131459514028393, 937664.233410268207081 ], [ 726633.958585208049044, 939247.075240181642585 ], [ 726853.751661412417889, 939336.743490138673224 ], [ 727235.265643795835786, 940079.970162186655216 ], [ 726801.641031043487601, 940852.04649991588667 ], [ 726471.3174663168611, 940839.22745078150183 ], [ 726502.474150776048191, 941193.396623349981382 ], [ 726336.461715667508543, 941347.390853209071793 ], [ 726709.889492106391117, 941537.441246798378415 ], [ 727150.746881461353041, 941473.414266986423172 ], [ 727116.175157346297055, 941760.858945230720565 ], [ 727403.033083135727793, 941662.825890011503361 ], [ 727996.054864038014784, 941975.752682602033019 ], [ 728338.333824348985218, 941811.646180468145758 ], [ 728711.276892905938439, 942090.216790799982846 ], [ 729196.306383478688076, 942004.323362881084904 ], [ 729292.55891309317667, 942535.855986081180163 ], [ 729920.988370499573648, 942406.493396181846038 ], [ 730128.970310088479891, 942639.937617683783174 ], [ 730734.058743670932017, 942753.844146239687689 ], [ 731759.611060109804384, 942504.971563055529259 ], [ 731973.011276677367277, 941742.789596657152288 ], [ 732359.246059989207424, 941601.076522722723894 ], [ 732638.374577581416816, 940905.630808503599837 ], [ 733434.530288095586002, 940323.641933262930252 ], [ 732618.058759315055795, 938571.227200105786324 ], [ 732169.141447606962174, 938082.015277513535693 ], [ 732074.999186331522651, 937163.279116049641743 ], [ 731693.400001822272316, 936442.121374256908894 ], [ 731896.864336203667335, 935480.747590810526162 ], [ 732692.188235181733035, 935064.663780397153459 ], [ 732258.189306423300877, 933845.387326744152233 ], [ 732316.673572831437923, 933215.11576878989581 ], [ 733088.869722885545343, 933009.100028379354626 ], [ 735301.054740575724281, 933364.109504953958094 ], [ 735963.973396814893931, 933002.659668421722017 ], [ 736415.603465636027977, 933005.141098496038467 ], [ 737383.282500767149031, 931317.793488159659319 ], [ 738066.757396631059237, 931233.059740418684669 ], [ 737979.913371256552637, 931000.250416056718677 ], [ 738443.687860432546586, 930803.674756139749661 ], [ 738873.376714513171464, 930794.991221520118415 ], [ 739167.92509752465412, 931316.604053880902939 ], [ 739840.39481990924105, 931231.83636003441643 ], [ 740080.589483430492692, 931620.395181465544738 ], [ 741245.186187825049274, 932180.081592428148724 ], [ 741941.739705582265742, 931730.386132861953229 ], [ 742910.344879689742811, 931879.668179341242649 ], [ 744073.096277464996092, 932760.280100089148618 ], [ 744613.633672687923536, 932630.586511026252992 ], [ 745719.093282694346271, 931961.994516658596694 ], [ 746600.523217215551995, 931944.908174965996295 ], [ 747386.498249649535865, 931285.582041160436347 ], [ 747805.509430296951905, 931221.606980870477855 ], [ 749904.939203372457996, 932052.481486840406433 ], [ 750312.486596223898232, 932065.914241206482984 ], [ 751882.611920635215938, 932971.281199636869133 ], [ 752403.241772137582302, 932487.505353261949494 ], [ 752676.901414052234031, 932787.848697015317157 ], [ 753085.099256524466909, 932690.670113420230336 ], [ 753664.147253997856751, 933512.846847020788118 ], [ 755413.948341284296475, 931974.180595081415959 ], [ 755644.712312803603709, 932075.131437424803153 ], [ 755709.038429924286902, 932374.256043932517059 ], [ 756282.771797934779897, 932233.830608842894435 ], [ 757747.406797857722268, 930505.425254070665687 ], [ 758504.626730633201078, 931007.872110510244966 ], [ 759728.294636798091233, 930893.518394084298052 ], [ 759845.549196580890566, 931547.050106938462704 ], [ 760109.765069610089995, 931581.839881524676457 ], [ 759832.795680166571401, 931834.658695325953886 ], [ 760027.763734832638875, 932389.078251915285364 ], [ 760402.145929256337695, 932424.537380541441962 ], [ 760454.819566959049553, 932823.19190809619613 ], [ 760750.736979296081699, 933079.478077890933491 ], [ 760993.78314367798157, 932970.303787444252521 ], [ 761233.872298736358061, 933347.969858686905354 ], [ 761475.842054489883594, 933415.831133031402715 ], [ 761507.209415572811849, 933692.646033766912296 ], [ 761870.093306169612333, 933805.506425799219869 ], [ 761614.817476293770596, 934113.770102739101276 ], [ 761889.765520218061283, 934192.901066485908814 ], [ 761833.669295326340944, 934358.533780760597438 ], [ 761998.448075254098512, 934436.994139081100002 ], [ 761962.69616579497233, 934879.375960884615779 ], [ 762228.245178089244291, 934692.892797901527956 ], [ 763056.625938177574426, 932551.338171283248812 ], [ 763576.270805564010516, 932255.761423569871113 ], [ 763810.146421998506412, 931847.78522046667058 ], [ 763790.348441801266745, 931482.514986026799306 ], [ 764170.647230245405808, 930555.374224129947834 ], [ 763787.255031214561313, 930187.877748027676716 ], [ 763745.145263583632186, 929866.732112748548388 ], [ 763889.395128254429437, 929701.637537039117888 ], [ 764351.545903224498034, 929804.052882643183693 ], [ 764484.441537498729303, 929694.215802317485213 ], [ 764441.657258939463645, 929483.715620893519372 ], [ 763980.65306779218372, 929193.200240234029479 ], [ 764568.48448689642828, 928566.084533648565412 ], [ 764448.568440184579231, 928355.112479143543169 ], [ 763788.60890278336592, 928162.971900880453177 ], [ 763220.161688143387437, 927418.147478414932266 ], [ 763345.205129345995374, 926788.200145090464503 ], [ 762995.023427996318787, 926387.729900646256283 ], [ 763041.45082024380099, 926000.735733902780339 ], [ 762480.95829689479433, 925753.906389228999615 ], [ 762397.159464850090444, 925034.175092468503863 ], [ 762012.156951662502252, 924921.197829868644476 ], [ 761292.177554306108505, 925536.488861658377573 ], [ 760718.659333042101935, 925621.554147994145751 ], [ 760643.655859140097164, 925267.027702281018719 ], [ 760070.668932180386037, 925263.586887188255787 ], [ 759545.732376904808916, 924596.555020411266014 ], [ 759071.713932377286255, 924626.916252454859205 ], [ 758754.536783666815609, 924226.693881765240803 ], [ 758335.810396561631933, 924224.199735313071869 ], [ 758184.964206823846325, 923647.939531618263572 ], [ 757141.348887821193784, 923099.583517899736762 ], [ 756699.989181110169739, 923196.555288675241172 ], [ 756195.648025120841339, 922762.062663180287927 ], [ 755499.025838371831924, 923167.348424774827436 ], [ 755149.335276176454499, 922667.393844996462576 ], [ 754717.379950297879986, 923041.051166676916182 ], [ 754367.486578076845035, 922574.297661593533121 ], [ 752936.214018028462306, 922355.727258565486409 ], [ 752375.840573761612177, 922075.865964212687686 ], [ 752090.622792409150861, 921852.927975991275162 ], [ 751785.922958417097107, 921187.312109619379044 ], [ 751069.534939597127959, 921205.304419874213636 ], [ 750982.655185224954039, 920983.520842465688474 ], [ 751537.90553022257518, 920245.423933541285805 ], [ 751352.931510399794206, 919834.983150625252165 ], [ 751432.365253641968593, 919437.131155575742014 ], [ 752469.065074924146757, 919299.282291481620632 ], [ 752448.497026940109208, 919044.685979344882071 ], [ 752009.485616557416506, 918732.351750361267477 ], [ 751468.357012293185107, 918928.387088842689991 ], [ 751414.849786634091288, 918651.475003814673983 ], [ 751935.727239321335219, 918145.523998436867259 ], [ 751100.673543225973845, 917709.216261670109816 ], [ 750867.597523656673729, 917995.545080831507221 ], [ 750670.376915319357067, 917795.259625418693759 ], [ 749974.524041471187957, 918067.876055591157638 ], [ 748929.384088515187614, 917752.1186048212694 ], [ 748180.230413295095786, 915767.417326558730565 ], [ 748009.160118157742545, 914837.080945002613589 ], [ 748320.309475690242834, 914385.221011179732159 ], [ 748948.941063100937754, 914311.335488302865997 ], [ 749468.561897584819235, 914026.622632800368592 ], [ 750046.886451185215265, 913111.598526285379194 ], [ 750445.546345510752872, 912781.947268197778612 ], [ 751065.294685266911983, 914268.072666152380407 ], [ 752043.888392008491792, 914671.992689592763782 ], [ 752116.009758152533323, 915546.477867965586483 ], [ 752444.595991893438622, 915902.424341819132678 ], [ 752919.321251543355174, 915761.327550889109261 ], [ 753594.860391338705085, 915200.953673613374121 ], [ 754057.745187541935593, 915203.633786899154074 ], [ 754368.682888340204954, 916699.124138156068511 ], [ 755712.441414068918675, 916839.728111229720525 ], [ 756028.612472784006968, 917427.993996436125599 ], [ 755927.807559130247682, 917704.015690878964961 ], [ 756159.110298855928704, 917727.49934445368126 ], [ 756167.601806479389779, 918159.064182312577032 ], [ 756508.522688101162203, 918282.773833062849008 ], [ 756562.325473126838915, 918504.380147723364644 ], [ 757112.761477559804916, 918607.197798774344847 ], [ 757379.794492466375232, 918177.252078681020066 ], [ 758141.261002940591425, 918004.709905587602407 ], [ 758120.330462608486414, 917816.4875817312859 ], [ 758285.510413315962069, 917839.592549974564463 ], [ 758319.553249764954671, 917673.824072711286135 ], [ 758847.895386001677252, 917787.595807834295556 ], [ 758890.077850611880422, 918108.721477283863351 ], [ 759405.686020925058983, 918510.10928434622474 ], [ 759118.165430826833472, 918674.373271488700993 ], [ 759282.948394631617703, 918763.86903862352483 ], [ 759268.839367973618209, 919283.827035366324708 ], [ 759752.223668721853755, 919541.190773622016422 ], [ 759996.188646758091636, 919288.154120810329914 ], [ 760225.903061418328434, 919577.207784405210987 ], [ 760460.435534869320691, 919058.56139795249328 ], [ 761055.216032527736388, 919117.438495092676021 ], [ 761481.770802453509532, 919662.170815917430446 ], [ 761989.976074647973292, 919454.986450606607832 ], [ 762416.450704426155426, 920010.796764606260695 ], [ 763264.961507521336898, 920026.976074782432988 ], [ 764042.459997300058603, 920850.492488427436911 ], [ 764011.007855689153075, 920584.740095601067878 ], [ 764231.953229229198769, 920497.558423126814887 ], [ 764255.335702358977869, 920276.398369789123535 ], [ 764147.074357399484143, 919954.854916827520356 ], [ 763872.496864367043599, 919798.281854621949606 ], [ 764314.998121607466601, 919524.333765341783874 ], [ 764260.899669462814927, 919358.02978675684426 ], [ 764018.309340988635086, 919378.691583629813977 ], [ 764229.110148315667175, 919147.600725772907026 ], [ 764021.923069031327032, 918781.199861572240479 ], [ 764354.157322614570148, 918517.647758844657801 ], [ 764126.261873026960529, 917929.820438878727145 ], [ 763673.996636667754501, 917993.479987077997066 ], [ 763821.877021612832323, 917230.88438858196605 ], [ 763646.403835127479397, 917085.981042061932385 ], [ 763901.228307359619066, 916866.216519734938629 ], [ 763475.990666870726272, 916100.168285677791573 ], [ 763809.634962862241082, 915604.250226365868002 ], [ 762952.668511170195416, 915145.435853358125314 ], [ 762499.652169654844329, 915330.825055908877403 ], [ 762635.490652481326833, 914734.131848541554064 ], [ 762438.55450724507682, 914489.524744530208409 ], [ 763015.139827123843133, 913917.599180552177131 ], [ 762994.089875100646168, 913751.498645363841206 ], [ 764119.277459941338748, 913603.341511053149588 ], [ 764496.297720212140121, 913229.398084203130566 ], [ 764397.962424725526944, 913084.960414237342775 ], [ 764741.588307709665969, 912766.141775112133473 ], [ 764644.850355213042349, 912356.15143480815459 ], [ 764801.164336774265394, 912025.139735419070348 ], [ 764342.467183239758015, 911314.218118397402577 ], [ 764001.092902819393203, 911256.844830658170395 ], [ 763727.246484161820263, 910967.513787523144856 ], [ 763589.310349761508405, 910070.424092405010015 ], [ 763204.230832985136658, 909946.409126245533116 ], [ 762982.780181559734046, 910111.062009554007091 ], [ 762420.542887156596407, 910118.776845060172491 ], [ 762179.814460754394531, 909818.59285007766448 ], [ 761408.468337313621305, 909769.75487835612148 ], [ 761101.528447927092202, 909480.251918808557093 ], [ 760627.21281353989616, 909532.771274449303746 ], [ 760474.263039125478826, 909299.508129863417707 ], [ 759745.89914567838423, 909439.055971646099351 ], [ 759383.248646528110839, 909248.823042377480306 ], [ 759073.2421825225465, 909479.359722139430232 ], [ 758695.027112741954625, 908182.579661089577712 ], [ 758475.858324532979168, 907960.004914081073366 ], [ 758516.042336093145423, 906743.133846517652273 ], [ 758254.1248437713366, 906287.956913029542193 ], [ 758422.835943216108717, 905713.582760647404939 ], [ 758106.626613848959096, 905114.25320196012035 ], [ 758251.290494688786566, 904882.73968456138391 ], [ 759199.676942472346127, 904832.949602044769563 ], [ 759322.235151951434091, 904612.373166761710308 ], [ 759150.372270436957479, 903836.844703250797465 ], [ 759473.890361774829216, 903185.919903414556757 ], [ 758885.399380575283431, 902009.639210259891115 ], [ 758975.207006058422849, 901733.546772775705904 ], [ 758635.238984721247107, 901421.761513281846419 ], [ 757930.61203116865363, 901251.705613285885192 ], [ 757955.54524635989219, 900753.946352148544975 ], [ 757018.36250228935387, 900759.594412370235659 ], [ 756380.702397087938152, 900446.116802541306242 ], [ 755630.437964662560262, 900541.38631389895454 ], [ 755312.238724653609097, 900274.018095674691722 ], [ 754904.507948852260597, 900238.491726506734267 ], [ 755005.060793112497777, 900006.716303105582483 ], [ 754763.966041656560265, 899750.8594142915681 ], [ 754726.37014070933219, 898611.023250927915797 ], [ 754540.138742511742748, 898399.740306165418588 ], [ 754423.20663827972021, 897635.640345301828347 ], [ 754270.045334695023485, 897424.548360229469836 ], [ 753686.634881537058391, 897255.271887057111599 ], [ 752986.756546915974468, 896233.406009743572213 ], [ 752923.7257455883082, 895679.842904049088247 ], [ 753100.889541466953233, 895548.073479199432768 ], [ 752837.141798833734356, 895391.686796431196854 ], [ 752764.201167188934051, 894638.914920936687849 ], [ 752479.452567337313667, 894294.32424356485717 ], [ 752300.832202915917151, 892722.219741793465801 ], [ 751502.885119988815859, 891467.514415783458389 ], [ 749791.667022901820019, 889842.659131118329242 ], [ 748888.547655749600381, 889638.517745416262187 ], [ 749387.028802756802179, 889231.907762620365247 ], [ 749028.987881382810883, 888167.803230379126035 ], [ 748339.486513396725059, 887212.524065951816738 ], [ 746622.803335887147114, 886539.313759075244889 ], [ 746223.195884465123527, 884988.231826619594358 ], [ 745650.039259737473913, 884929.805952223367058 ], [ 745494.629280094755813, 885117.045166936004534 ], [ 744689.352585667395033, 885156.946880781673826 ], [ 744555.884290302521549, 885366.433434464852326 ], [ 744093.669489887543023, 885186.926810063887388 ], [ 744003.839171878993511, 885485.15692128345836 ], [ 743231.185737843625247, 885613.765238860272802 ], [ 742934.091146928607486, 885490.474409208865836 ], [ 742715.432933682692237, 885135.274903401033953 ], [ 741195.139461735961959, 884839.517833433928899 ], [ 740183.519697066629305, 884280.989868203527294 ], [ 739862.193702884018421, 884566.933423461159691 ], [ 739758.733632426010445, 885362.935452724457718 ], [ 739347.912015797803178, 885891.795969352591783 ], [ 738842.345744951860979, 885568.297422574250959 ], [ 738566.428197284927592, 885611.096635430934839 ], [ 738009.363599443458952, 886692.34830743924249 ], [ 737358.245831886772066, 886788.496529500931501 ], [ 736746.434925165260211, 887803.087151473853737 ], [ 736493.225808802410029, 887724.320983944111504 ], [ 736920.774738282198086, 888202.268683638656512 ], [ 736853.455091894138604, 888423.175808359635994 ], [ 737381.219498791615479, 888713.584983782260679 ], [ 737346.744278088910505, 888978.916684072231874 ], [ 737677.655006882268935, 888958.531466403277591 ], [ 737643.527253741282038, 889157.486866745981388 ], [ 738268.764010240673088, 889780.316737846122123 ], [ 738607.184964045649394, 890423.767138034105301 ], [ 738561.850397993810475, 890655.85283667454496 ], [ 738781.317857982590795, 890856.151863488834351 ], [ 738449.188256948022172, 891108.844495229306631 ], [ 738400.807315043522976, 891916.196241851197556 ], [ 738178.885539783514105, 892180.53561584034469 ], [ 738519.920997521956451, 892326.163405437138863 ], [ 738679.314584668725729, 893455.450038617942482 ], [ 738226.450046885409392, 893607.929606286925264 ], [ 738235.714520952897146, 893939.8724226183258 ], [ 737872.700371175887994, 893783.064071557251737 ], [ 737452.334343559108675, 894046.352746563730761 ], [ 737680.641380549874157, 894656.030937620904297 ], [ 737491.984698216314428, 894887.356336222612299 ], [ 736688.210590931354091, 894683.972374012344517 ], [ 736501.951738192117773, 894461.729678882169537 ], [ 736005.067913216189481, 894602.931923140771687 ], [ 735681.040190346655436, 895419.887382143991999 ], [ 735821.567402561544441, 895951.649283594335429 ], [ 735334.56470907968469, 896314.16496256517712 ], [ 735464.764179049991071, 896713.115847768494859 ], [ 735231.157128197373822, 897110.153157477732748 ], [ 734173.345627455739304, 897005.037064986419864 ], [ 734337.145205931272358, 897304.592610964900814 ], [ 734170.159670254215598, 897613.478389779105783 ], [ 734378.342328907223418, 897857.952889835345559 ], [ 733849.07089353306219, 897877.306170152616687 ], [ 734376.137301037437283, 898278.331154223298654 ], [ 733945.275218106107786, 898453.07850601861719 ], [ 733962.452697124914266, 899382.449363377760164 ], [ 733796.633649962954223, 899470.083019927144051 ], [ 733687.49798144667875, 899259.317025140044279 ], [ 733291.396927238442004, 899113.427695107995532 ], [ 732880.748382240766659, 899642.297411235165782 ], [ 731843.731983474688604, 899791.773342840839177 ], [ 731476.68424520874396, 900420.441253259079531 ], [ 731112.572294936398976, 900484.927602033014409 ], [ 731044.883965391432866, 900783.269145422847942 ], [ 730681.406535301590338, 900726.072069335030392 ], [ 730548.384479215135798, 900869.197983708931133 ], [ 730131.506946057081223, 900479.850162605056539 ], [ 729962.789894303539768, 901131.673643502523191 ], [ 729530.383544383104891, 901616.196735536213964 ], [ 729561.226156244752929, 902047.797141783055849 ], [ 729129.458551776362583, 902410.635896176216193 ], [ 728435.7158325931523, 902274.316022246610373 ], [ 728509.974324101349339, 902838.886796699720435 ], [ 727946.012232609908096, 903189.990699440008029 ], [ 727889.367990740807727, 903488.387570278951898 ], [ 727690.286238662432879, 903620.116287539713085 ], [ 727460.065733982482925, 903375.561974014737643 ], [ 727468.99135917390231, 903784.919211326050572 ], [ 726453.8804564808961, 903989.915497238049284 ], [ 726430.820384389953688, 904188.921240155235864 ], [ 726154.93167402013205, 904253.888696327689104 ], [ 725511.60748351784423, 905047.104054019786417 ], [ 724693.195169759215787, 905596.063852791907266 ] ] ] ] } },
{ "type": "Feature", "properties": { "gid": "COL.23.36_2", "name": "Teorama", "municipio": "Teorama", "departamento": "NortedeSantander", "year": 2024, "predicted_ha": 2124.7843975013493, "official_ha": 3890.86, "ratio": 0.54609633795647983 }, "geometry": { "type": "MultiPolygon", "coordinates": [ [ [ [ 684499.349705463973805, 929455.059279506327584 ], [ 684584.284763472387567, 930196.452140782261267 ], [ 683237.536549662007019, 930931.732203329680488 ], [ 683081.428686837432906, 931384.531429655500688 ], [ 683101.101754195173271, 931937.61891425435897 ], [ 683396.462003753636964, 932403.400719700031914 ], [ 683836.300605158787221, 932560.120216095005162 ], [ 683910.880147695890628, 933146.625716711278073 ], [ 684207.265154245658778, 933369.098005704930983 ], [ 684062.87319631583523, 933656.042681493912823 ], [ 684313.780397480120882, 934210.126240619341843 ], [ 684225.11407112935558, 934342.467376317712478 ], [ 684379.235259101609699, 934354.189383009797893 ], [ 684344.440958852646872, 934763.265677363961004 ], [ 684575.787085174350068, 934742.140126346959732 ], [ 684519.775728086708114, 934963.102496723993681 ], [ 684674.037653389037587, 934941.646107477601618 ], [ 684903.332567703677341, 935396.101722987601534 ], [ 684981.035624345298856, 935252.654442827799357 ], [ 685101.688501003198326, 935363.777148115215823 ], [ 685000.194933943683282, 935916.348813854157925 ], [ 685153.020000635180622, 936226.694737088284455 ], [ 685658.259922525379807, 936527.508166468353011 ], [ 685501.557704329956323, 937113.021028008777648 ], [ 685698.274710641475394, 937456.741754258400761 ], [ 686425.071230115368962, 937448.843031724914908 ], [ 686291.537783230422065, 937769.00915830116719 ], [ 686444.634489743970335, 938013.002661051112227 ], [ 686929.128464783541858, 938015.11855381866917 ], [ 687194.560583106591366, 937750.832366310642101 ], [ 687170.552503614453599, 938204.200422511901706 ], [ 687401.690879170317203, 938227.333970603067428 ], [ 687851.059906268492341, 938704.902234439970925 ], [ 688555.283702019485645, 938818.60900081275031 ], [ 688897.99796243768651, 938510.431742200395092 ], [ 688076.884152375161648, 939933.597630035015754 ], [ 688228.203929040464573, 940575.767579426406883 ], [ 687631.389989927760325, 941081.913121193880215 ], [ 687990.830260740825906, 941968.328192792483605 ], [ 687361.151692373561673, 942441.147062138770707 ], [ 687626.197327978443354, 944753.933476007310674 ], [ 685683.589170824969187, 945873.538146957638673 ], [ 685690.817215316812508, 946736.272297439631075 ], [ 685357.595780883333646, 947409.489241663948633 ], [ 686075.311900856904685, 949425.617261205334216 ], [ 686809.977094477275386, 950081.422622673329897 ], [ 686563.836076366715133, 950976.222517390036955 ], [ 687289.6028881019447, 953622.877264812006615 ], [ 688279.658836349728517, 953760.025490608881228 ], [ 689541.799929498345591, 954584.177647385629825 ], [ 689944.35661149781663, 955625.689094540430233 ], [ 692125.798418949823827, 957582.303957966156304 ], [ 692464.097946119611152, 958214.318412621039897 ], [ 692514.036311892094091, 959320.619898589677177 ], [ 692741.12952278193552, 960195.464841662091203 ], [ 693377.106935026822612, 960707.201540003647096 ], [ 693177.058827467495576, 961126.58390860108193 ], [ 693274.314256552839652, 961514.161530285258777 ], [ 692891.779694826691411, 963315.293235048186034 ], [ 692670.246705875149928, 963623.967869551386684 ], [ 692997.568882433464751, 964233.827750882948749 ], [ 692947.796231198241003, 965472.403363585122861 ], [ 694351.02388497418724, 966618.217123929527588 ], [ 694533.058029279694892, 967691.975381971802562 ], [ 694176.109452073462307, 968718.960275303456001 ], [ 694229.205702134408057, 969128.461538040079176 ], [ 694590.654771685251035, 969484.109088651021011 ], [ 694883.41673220298253, 970403.543458690168336 ], [ 695593.696942425798625, 971446.630573389003985 ], [ 696296.411407075123861, 971759.675970101729035 ], [ 696434.652232044260018, 972766.885625761933625 ], [ 696696.602373674977571, 973210.576365605928004 ], [ 696485.54884414805565, 973629.88734204240609 ], [ 696538.130748286959715, 974138.94528046506457 ], [ 698412.370822643162683, 975630.133098268532194 ], [ 699001.27644399239216, 976705.915318055544049 ], [ 699887.078261295915581, 977805.282327394001186 ], [ 700720.697773360298015, 978318.175253971712664 ], [ 701991.183470409945585, 979474.801188059849665 ], [ 702628.920679503818974, 979544.323076914995909 ], [ 702943.726869279285893, 980397.612272881902754 ], [ 702760.793418095796369, 981790.441823033266701 ], [ 703001.980104372953065, 981957.562094458495267 ], [ 703794.07334221736528, 981950.448625199496746 ], [ 703468.158751175855286, 983331.504474328947254 ], [ 705147.123645539395511, 984147.416088441968895 ], [ 705219.438459307653829, 985076.952265955857001 ], [ 703742.257899017538875, 985711.092910312232561 ], [ 703573.607576377340592, 986440.305816800915636 ], [ 702282.502255267929286, 987274.523142584366724 ], [ 702168.377696452313103, 988103.560359247494489 ], [ 702361.827610169071704, 989011.562355208792724 ], [ 702335.408903447794728, 989896.344892505556345 ], [ 702934.712830025935546, 991016.553789561381564 ], [ 702954.320657002390362, 991492.295707116601989 ], [ 703381.848004208644852, 991770.982783989515156 ], [ 704008.224685912486166, 991873.694975156453438 ], [ 703827.512126108864322, 992813.012955531710759 ], [ 704068.620560790761374, 992980.154727980378084 ], [ 704132.814902368467301, 993334.449203541618772 ], [ 704735.262426702189259, 993813.151212493190542 ], [ 705102.359701622510329, 995153.47296279692091 ], [ 705053.523896055761725, 996104.523643806343898 ], [ 705696.108007101342082, 997324.588028643513098 ], [ 706780.091128281783313, 998237.215559511794709 ], [ 706744.423298708046786, 998756.933371163788252 ], [ 707026.268140718224458, 999543.771724992082454 ], [ 708646.067842053016648, 1001012.336525600054301 ], [ 709194.693758897483349, 1001236.4384780745022 ], [ 710854.920397730544209, 1001267.277403606101871 ], [ 711601.283043642761186, 1001525.644646942499094 ], [ 712326.939402716699988, 1001540.552144414978102 ], [ 712682.086857781047001, 1002991.574934472795576 ], [ 714240.045479800901376, 1003630.447299509309232 ], [ 714885.13143600046169, 1004308.712185878539458 ], [ 715381.642931077280082, 1003990.584057436906733 ], [ 716261.286479460075498, 1001959.874133240897208 ], [ 717129.417097463505343, 1002064.140595145174302 ], [ 717593.951519958907738, 1001568.858262092224322 ], [ 718439.739185600192286, 1001739.405142787029035 ], [ 718567.881001235451549, 1002437.040363156818785 ], [ 718929.65245202393271, 1002638.145372335449792 ], [ 718904.205153192975558, 1003268.567718986538239 ], [ 719637.686510992934927, 1003858.910006087389775 ], [ 719360.0014952942729, 1004366.258630475145765 ], [ 719656.875781584414653, 1004367.892480786540546 ], [ 719798.535073613747954, 1004600.986458103521727 ], [ 719764.085794415557757, 1004866.297797989915125 ], [ 719566.171911160927266, 1004865.207250048522837 ], [ 719234.307951446855441, 1005228.443964343401603 ], [ 719186.980081227840856, 1005836.622199456673115 ], [ 719406.269125656224787, 1005948.455041222972795 ], [ 719492.520810805493966, 1006258.681528677232563 ], [ 719106.241018704837188, 1006522.054063679883257 ], [ 719390.457341003115289, 1006822.308354378677905 ], [ 719088.726314193569124, 1007705.647575599723496 ], [ 719342.146942444494925, 1007607.482252894435078 ], [ 719076.695385627332143, 1007893.644210143713281 ], [ 719273.617061442346312, 1008071.730816634139046 ], [ 719062.346409651101567, 1008502.004125373787247 ], [ 718711.324966829153709, 1008356.257086726254784 ], [ 718081.376553872833028, 1008950.16716126690153 ], [ 718584.724995441036299, 1009384.37295580713544 ], [ 718209.107556983828545, 1009714.18024488829542 ], [ 718361.985406419844367, 1009903.083850159891881 ], [ 719010.312026786035858, 1009961.971165871247649 ], [ 718975.4370016787434, 1010304.717130822362378 ], [ 718666.211040330701508, 1010557.448303772951476 ], [ 718874.539400267996825, 1010658.160919849993661 ], [ 718938.300406685099006, 1011056.76436706748791 ], [ 719179.054917235975154, 1011257.221538339508697 ], [ 718770.587844082619995, 1011564.714146558078937 ], [ 718868.243424141546711, 1011797.567065191688016 ], [ 719584.033027804107405, 1011580.279363370267674 ], [ 719739.72004621103406, 1011260.327998662483878 ], [ 720617.719124175608158, 1011530.712063243496232 ], [ 720792.503668102668598, 1011730.814022669801489 ], [ 721232.610378583427519, 1011666.894829666358419 ], [ 721344.770618928014301, 1011269.264953406644054 ], [ 722876.861915940768085, 1010569.838456107885577 ], [ 723167.184413389884867, 1009774.950852654059418 ], [ 723653.106615570606664, 1009390.488805491826497 ], [ 724199.006094511598349, 1008121.341399312601425 ], [ 724994.813574142404832, 1007384.625686139683239 ], [ 725611.341664641513489, 1007244.300793901900761 ], [ 725668.575611517881043, 1006846.359928436693735 ], [ 725209.97749116353225, 1006279.553432238521054 ], [ 725608.937558428384364, 1005728.666300814948045 ], [ 725102.965162323322147, 1005758.992290660971776 ], [ 724884.995261069154367, 1005414.811882739537396 ], [ 724500.780649494379759, 1005302.016665867180564 ], [ 723988.659846611088142, 1004469.42363916116301 ], [ 724014.253797091310844, 1003827.924310416448861 ], [ 724302.008885551360436, 1003497.655799737782218 ], [ 724226.96364195633214, 1003154.286787124699913 ], [ 724910.707956281956285, 1002804.120175548596308 ], [ 725011.417266637086868, 1002494.927044437150471 ], [ 725374.167199353687465, 1002519.096995318657719 ], [ 725849.005131671670824, 1002167.764503434649669 ], [ 726233.626792668132111, 1002214.191131087718531 ], [ 726652.805470345192589, 1001984.243424025597051 ], [ 727362.048868875135668, 1001025.788532195845619 ], [ 727475.284992624772713, 1000451.155403778655455 ], [ 727080.3376901402371, 1000282.969102909788489 ], [ 725604.101896240608767, 998792.19994036888238 ], [ 725660.457123372238129, 998549.13349461555481 ], [ 725387.947481875307858, 998116.150020571658388 ], [ 725013.291422965936363, 998246.802137881750241 ], [ 723826.444038381567225, 998085.286955481977202 ], [ 723036.788740751915611, 997693.696606990066357 ], [ 721965.456932117580436, 998517.4592249506386 ], [ 721953.480626878561452, 998694.395383833907545 ], [ 721525.390211750520393, 998548.215010154875927 ], [ 721138.663858670392074, 998877.959651640616357 ], [ 721103.477177132037468, 999276.019285533111542 ], [ 720615.841387862805277, 999959.212545003858395 ], [ 713949.053873036755249, 994281.358426267746836 ], [ 712776.148182930308394, 993545.051746270153672 ], [ 712576.392674322705716, 991796.195105500635691 ], [ 712855.022939847316593, 991100.75277514080517 ], [ 712504.696295149275102, 990789.172891140915453 ], [ 712289.656786703504622, 989847.772215456003323 ], [ 712458.354666547384113, 989140.688012576545589 ], [ 712275.078579284483567, 988431.758851727587171 ], [ 712303.734873398090713, 987159.778783784480765 ], [ 711844.579153632861562, 986615.343376897741109 ], [ 712054.729441526578739, 986395.200506152468733 ], [ 712704.472717674449086, 986254.791207479662262 ], [ 712717.441335629671812, 985878.750560048618354 ], [ 713161.269125932827592, 985150.981206431169994 ], [ 713056.247417958686128, 984199.096529875532724 ], [ 713743.095385136897676, 983284.545184659771621 ], [ 714095.933455593767576, 983131.528114187531173 ], [ 713855.482344354735687, 982831.590036097797565 ], [ 714268.499547440325841, 981694.363441174617037 ], [ 713522.847778769209981, 981225.850722705246881 ], [ 713372.06494324200321, 980605.589222615933977 ], [ 713096.970993503695354, 980615.215842121979222 ], [ 712619.924553769058548, 979263.170054070767947 ], [ 712789.895273352623917, 978312.723290437133983 ], [ 713232.913159529678524, 977750.864907817682251 ], [ 713906.415939104976133, 977300.830646496498957 ], [ 714066.393407409195788, 976162.274927896214649 ], [ 714767.485493237385526, 974650.431673603830859 ], [ 714266.872024903772399, 973585.864115136791952 ], [ 714033.187121782451868, 971969.593582450062968 ], [ 714368.934105611755513, 970887.258475601556711 ], [ 714338.735134315327741, 970345.062398386886343 ], [ 713793.329664827906527, 969413.028760852408595 ], [ 713363.24199733173009, 969587.798465853440575 ], [ 712331.386420258320868, 969084.700094868429005 ], [ 712467.189158842433244, 968355.311862894915976 ], [ 712314.541908742394298, 968077.981301802676171 ], [ 711653.183552423142828, 968284.770386080839671 ], [ 711078.177623889409006, 968823.863527619629167 ], [ 709803.456807432230562, 968463.40360810700804 ], [ 709281.446053061401471, 967232.910780534730293 ], [ 709328.146505085285753, 966702.184656418161467 ], [ 709109.21910473331809, 966468.784409792628139 ], [ 709203.838525718776509, 965163.981626359978691 ], [ 709061.437241118401289, 965030.524351476342417 ], [ 709306.7873980558943, 964390.181706095812842 ], [ 708802.088137646904215, 964077.916676815715618 ], [ 708627.718757405877113, 963734.130202421569265 ], [ 708132.90608750062529, 963643.158215802395716 ], [ 707871.367073140922002, 963121.955043882713653 ], [ 706874.511947362101637, 962176.757096980698407 ], [ 706843.525480421609245, 961767.326413683942519 ], [ 705974.700613074237481, 961630.285853905137628 ], [ 705680.209752540453337, 961086.819941588211805 ], [ 705131.639800835167989, 960730.152550712227821 ], [ 704278.725659304647706, 959586.646074668271467 ], [ 703817.638554734643549, 959341.044234223896638 ], [ 703547.751508836401626, 958255.718430351000279 ], [ 703683.117753088474274, 957581.636055322014727 ], [ 703212.821510353358462, 956959.917615581071004 ], [ 702938.141024818876758, 954580.411339748767205 ], [ 702073.262157841818407, 953591.792423563427292 ], [ 701778.859284545527771, 953004.134860025020316 ], [ 702199.666820201207884, 952486.278104592696764 ], [ 702114.043063348624855, 951977.051126689650118 ], [ 701905.25439368118532, 951898.621216924861073 ], [ 702028.36288398236502, 951478.885828557889909 ], [ 702259.276977726607583, 951535.299709886894561 ], [ 702448.494569129077718, 951104.820674769813195 ], [ 702822.683109169593081, 951128.741969025693834 ], [ 702637.662086005322635, 950685.402736603282392 ], [ 702673.239314028061926, 950154.63450085837394 ], [ 702322.968892283039168, 949732.627512319129892 ], [ 702368.065325921052136, 949511.61943800363224 ], [ 702731.949344025575556, 949391.691448049503379 ], [ 702735.240389005630277, 948705.911021804553457 ], [ 702395.64695437438786, 948350.324634255492128 ], [ 702771.292363105108961, 948075.593996725510806 ], [ 701905.821234314120375, 947175.497876914683729 ], [ 701393.627118853619322, 946066.943862676969729 ], [ 700777.648866753675975, 945942.349036450381391 ], [ 699675.148536297492683, 946257.911114807939157 ], [ 698366.024721933528781, 946030.542700953665189 ], [ 697916.122490816749632, 945707.672001258819364 ], [ 697952.40429003816098, 945011.002088585519232 ], [ 697503.6195478545269, 944444.804027874837629 ], [ 695879.073881526244804, 943364.377880086307414 ], [ 695456.735859053093009, 941824.983899532817304 ], [ 696099.329391937470064, 940965.195175759028643 ], [ 696214.172762075555511, 939937.067664414294995 ], [ 695809.549038933124393, 939326.864932673168369 ], [ 694787.664321496267803, 938846.578231595805846 ], [ 694480.905411115498282, 938502.298137234523892 ], [ 694312.561016897321679, 936776.062987055163831 ], [ 692484.984434211160988, 936679.321109197684564 ], [ 693061.790180984186009, 935752.826003567548469 ], [ 692944.986923131393269, 934790.026580850593746 ], [ 693056.952053359011188, 934381.287542660837062 ], [ 692285.137441207887605, 934587.973445700714365 ], [ 692361.033997680759057, 934853.767532510333695 ], [ 692050.905783460941166, 935250.558187641203403 ], [ 691754.021353730699047, 935149.684470403706655 ], [ 691597.477445319178514, 935679.890721526229754 ], [ 691290.126651563332416, 935457.307226628181525 ], [ 690562.885298768174835, 935553.612485550227575 ], [ 690597.298355762730353, 935244.071833028690889 ], [ 690269.191499519045465, 934733.833011955372058 ], [ 690758.105910095735453, 933751.620571388979442 ], [ 691376.828854945604689, 933300.891986676491797 ], [ 691456.824316072976217, 932648.677621707203798 ], [ 691215.574514860054478, 932415.333450501668267 ], [ 691381.260191161651164, 932305.465273794252425 ], [ 691239.616202190634795, 931961.959630953962915 ], [ 690788.132072193780914, 931948.89495125238318 ], [ 690350.058281091973186, 931393.932082037208602 ], [ 690318.827426243457012, 930984.557341130799614 ], [ 689978.344649409758858, 930772.906143837841228 ], [ 690101.295679029426537, 930364.212325685075484 ], [ 690322.002586675807834, 930265.642249285243452 ], [ 690246.567997328820638, 929889.254281529923901 ], [ 690070.693366241874173, 929811.055782534996979 ], [ 689816.409261933062226, 930031.144277057959698 ], [ 689685.172392840264365, 929820.418965438031591 ], [ 689807.488743513589725, 929555.507110303849913 ], [ 689500.032312849070877, 929344.007965828059241 ], [ 689864.600344865582883, 929091.220909078954719 ], [ 690075.856699918513186, 928638.673222522833385 ], [ 689901.386386749101803, 928239.730758723104373 ], [ 689992.220344309695065, 927620.746801065164618 ], [ 689439.869963329634629, 927994.376129954820499 ], [ 689283.833645121078007, 928413.986858235439286 ], [ 688744.205417959019542, 928400.565240272553638 ], [ 688532.915423493483104, 928864.176934445276856 ], [ 688020.472065879963338, 927667.428378388634883 ], [ 687516.372883645351976, 927079.043915551388636 ], [ 687484.960109796142206, 926702.858294629841112 ], [ 687068.047395174624398, 926325.00548117456492 ], [ 686462.122157713281922, 926355.572291382355615 ], [ 686364.041655532200821, 926111.82521157595329 ], [ 686132.599745564861223, 926144.010415180469863 ], [ 685880.411665266146883, 925877.482589218067005 ], [ 684972.75202132971026, 926924.310833520023152 ], [ 685168.304759891936556, 927555.57641008135397 ], [ 685085.14294394152239, 928970.920895982882939 ], [ 684763.953494348214008, 929389.83067070809193 ], [ 684499.349705463973805, 929455.059279506327584 ] ] ] ] } },
{ "type": "Feature", "properties": { "gid": "COL.23.37_2", "name": "Tibú", "municipio": "Tibú", "departamento": "NortedeSantander", "year": 2024, "predicted_ha": 18417.266819359513, "official_ha": 25911.23, "ratio": 0.71078319398035184 }, "geometry": { "type": "MultiPolygon", "coordinates": [ [ [ [ 718177.265132960164919, 945408.8636502987938 ], [ 718140.817070376360789, 946072.403287334018387 ], [ 718347.344592230976559, 946593.38710414012894 ], [ 721231.278424555435777, 948887.189058248302899 ], [ 722495.606250159675255, 949247.824472377775237 ], [ 723189.25715765170753, 949251.483998657786287 ], [ 723825.513381829019636, 949697.350371612352319 ], [ 724771.751567565370351, 949824.065565788885579 ], [ 725234.774941633455455, 949715.907736954162829 ], [ 725357.896169894374907, 949340.436801382689737 ], [ 725688.210321379359812, 949342.200573428301141 ], [ 725954.82879203860648, 948901.121207433287054 ], [ 726594.51314594806172, 948705.418778964783996 ], [ 726959.707939291605726, 948364.435127789387479 ], [ 727596.072899021091871, 948788.2394692072412 ], [ 727937.406280989642255, 948790.079111517174169 ], [ 729354.4972966973437, 949406.202283590915613 ], [ 729813.936169262742624, 949961.843454070854932 ], [ 730510.63311007199809, 951425.948338275309652 ], [ 730036.046068571391515, 951633.550132198841311 ], [ 730494.295495634083636, 952399.396648585097864 ], [ 730163.996347553096712, 952397.589515901636332 ], [ 730270.887925401097164, 952984.508710617548786 ], [ 729804.244759764987975, 953756.359671437297948 ], [ 730000.480135145247914, 954111.445916721364483 ], [ 729747.443203528528102, 954076.873037235229276 ], [ 729545.403544070781209, 954783.793320586788468 ], [ 729676.244345331797376, 955016.829491583397612 ], [ 729455.333964146091603, 955148.376033441512845 ], [ 730125.379725342150778, 955428.617220936226659 ], [ 729584.175945160910487, 955746.476547543774359 ], [ 729254.207106294576079, 955689.357586864498444 ], [ 729835.08045341912657, 956168.240998753462918 ], [ 729625.304613331216387, 956277.720616940874606 ], [ 729490.956715795211494, 956686.311889290227555 ], [ 729161.358565474161878, 956562.816681599360891 ], [ 729146.719523414853029, 957226.508784445933998 ], [ 729485.865459828288294, 957615.566955388640054 ], [ 729122.946921343915164, 957547.201964635401964 ], [ 729076.188308893702924, 958044.775235122302547 ], [ 729527.35170778457541, 958080.43613086361438 ], [ 729865.695577691891231, 958613.313697945559397 ], [ 729325.743158481665887, 958709.91542089858558 ], [ 729202.954366582911462, 959019.002964473911561 ], [ 729016.603502525598742, 958874.16430161788594 ], [ 728847.846347374841571, 959537.012022101203911 ], [ 729054.996739635476843, 959903.222185028600506 ], [ 728547.482754520140588, 960110.63592992478516 ], [ 728312.264013945590705, 960850.559095102129504 ], [ 728540.696683837217279, 961349.638160710805096 ], [ 728807.365113597130403, 960897.522799129481427 ], [ 729039.315216856775805, 960754.978039992274716 ], [ 729270.05145160946995, 960833.685490888543427 ], [ 729533.384072475833818, 960990.014169931178913 ], [ 729378.36434643343091, 961155.10510936146602 ], [ 729552.415697861230001, 961532.201941909384914 ], [ 729243.962038026773371, 961574.756388437002897 ], [ 729333.05639375152532, 961387.176976126735099 ], [ 729168.429631767561659, 961297.76873331645038 ], [ 728671.937453262042254, 961505.237732679466717 ], [ 728835.227804117836058, 961838.019904168671928 ], [ 728775.938484339392744, 962612.095669589121826 ], [ 729402.739859026391059, 962726.172898749238811 ], [ 728894.889016541885212, 962999.95029856369365 ], [ 729221.628732721088454, 963632.334043393726461 ], [ 728143.755550609319471, 965484.967197537887841 ], [ 726587.331549718044698, 966306.150633142911829 ], [ 726485.91747702495195, 968750.46647983067669 ], [ 726276.451666000531986, 968815.696956861647777 ], [ 725958.745494834380224, 968548.455052851466462 ], [ 725002.176879981183447, 968377.303307224297896 ], [ 724424.494712595711462, 969369.804409158416092 ], [ 724962.82119711744599, 971563.140106420265511 ], [ 725247.973866471438669, 971741.699292651377618 ], [ 726195.398327365983278, 971558.817035423591733 ], [ 726302.106260594679043, 972167.854663613834418 ], [ 726057.398688508896157, 972642.210842438042164 ], [ 725340.54405429540202, 972925.915230710525066 ], [ 725149.298785428400151, 973688.196329326136038 ], [ 723769.530197685817257, 974466.118912945501506 ], [ 723953.641263979952782, 975009.190330466371961 ], [ 725134.332631166907959, 976420.605211994959973 ], [ 725787.832846040837467, 977641.099274215404876 ], [ 725510.32334922766313, 978082.081959474598989 ], [ 725340.959279455244541, 978866.605312227038667 ], [ 725086.560545731917955, 979108.586086587398313 ], [ 723974.639373104088008, 979224.176000407431275 ], [ 723653.996252881945111, 979510.051332861068659 ], [ 723572.202064411249012, 980383.553254998871125 ], [ 723080.42637413518969, 979772.422713166335598 ], [ 722662.100095346220769, 979814.393717358936556 ], [ 722746.803392422501929, 980423.297608854132704 ], [ 723281.008397071156651, 981322.285376365762204 ], [ 723123.657193156890571, 981929.869816449470818 ], [ 723328.207778252894059, 982749.624234865303151 ], [ 723204.708395260968246, 983202.516255270806141 ], [ 723065.080258447793312, 982582.244570197304711 ], [ 721591.726261982345022, 982419.337397119379602 ], [ 721383.599186304723844, 982252.269479103386402 ], [ 721019.231821066699922, 982493.668931880732998 ], [ 720658.459516399307176, 982071.341476961039007 ], [ 720028.153399998438545, 982665.309620389831252 ], [ 719774.885293115628883, 982708.193619561265223 ], [ 719618.722391538205557, 983105.599272861727513 ], [ 718689.320949004031718, 982038.616115497192368 ], [ 717777.742871673079208, 981746.121293009724468 ], [ 717590.011344102560543, 981877.867568987072445 ], [ 717415.874949102289975, 981522.946777978329919 ], [ 716996.997200821060687, 981675.589835510007106 ], [ 715077.29852956160903, 980614.528142850031145 ], [ 713868.057357633602805, 980431.189044208731502 ], [ 713448.03509372100234, 980805.102474244660698 ], [ 713522.847778769209981, 981225.850722705246881 ], [ 714268.499547440325841, 981694.363441174617037 ], [ 713855.482344354735687, 982831.590036097797565 ], [ 714095.933455593767576, 983131.528114187531173 ], [ 713743.095385136897676, 983284.545184659771621 ], [ 713056.247417958686128, 984199.096529875532724 ], [ 713161.269125932827592, 985150.981206431169994 ], [ 712717.441335629671812, 985878.750560048618354 ], [ 712704.472717674449086, 986254.791207479662262 ], [ 712054.729441526578739, 986395.200506152468733 ], [ 711844.579153632861562, 986615.343376897741109 ], [ 712303.734873398090713, 987159.778783784480765 ], [ 712275.078579284483567, 988431.758851727587171 ], [ 712458.354666547384113, 989140.688012576545589 ], [ 712289.656786703504622, 989847.772215456003323 ], [ 712504.696295149275102, 990789.172891140915453 ], [ 712855.022939847316593, 991100.75277514080517 ], [ 712576.392674322705716, 991796.195105500635691 ], [ 712754.502502145944163, 993478.565176573814824 ], [ 713949.053873036755249, 994281.358426267746836 ], [ 720615.841387862805277, 999959.212545003858395 ], [ 721103.477177132037468, 999276.019285533111542 ], [ 721138.663858670392074, 998877.959651640616357 ], [ 721525.390211750520393, 998548.215010154875927 ], [ 721953.480626878561452, 998694.395383833907545 ], [ 721965.456932117580436, 998517.4592249506386 ], [ 722251.933220097445883, 998419.481051510665566 ], [ 722915.756072457763366, 997704.087263281340711 ], [ 723826.444038381567225, 998085.286955481977202 ], [ 725013.291422965936363, 998246.802137881750241 ], [ 725387.947481875307858, 998116.150020571658388 ], [ 725660.457123372238129, 998549.13349461555481 ], [ 725604.101896240608767, 998792.19994036888238 ], [ 727080.3376901402371, 1000282.969102909788489 ], [ 727475.284992624772713, 1000451.155403778655455 ], [ 727362.048868875135668, 1001025.788532195845619 ], [ 726652.805470345192589, 1001984.243424025597051 ], [ 726233.626792668132111, 1002214.191131087718531 ], [ 725849.005131671670824, 1002167.764503434649669 ], [ 725374.167199353687465, 1002519.096995318657719 ], [ 725011.417266637086868, 1002494.927044437150471 ], [ 724910.707956281956285, 1002804.120175548596308 ], [ 724204.661170450039208, 1003209.475659595918842 ], [ 724324.311435808427632, 1003442.466979621327482 ], [ 724014.253797091310844, 1003827.924310416448861 ], [ 723988.659846611088142, 1004469.42363916116301 ], [ 724500.780649494379759, 1005302.016665867180564 ], [ 724884.995261069154367, 1005414.811882739537396 ], [ 725102.965162323322147, 1005758.992290660971776 ], [ 726588.343276001280174, 1005590.407047651940957 ], [ 726877.751909524085931, 1004972.526256868382916 ], [ 727296.973719072993845, 1004731.527986232656986 ], [ 728514.077537340344861, 1005335.892485104501247 ], [ 728664.523658580845222, 1005945.226904972456396 ], [ 729181.565990166156553, 1005903.946536531788297 ], [ 730069.519616300822236, 1006373.72119241359178 ], [ 731223.658512150985189, 1006446.788324732682668 ], [ 731473.079702023183927, 1007045.656434152508155 ], [ 732121.999505148502067, 1007016.247729897731915 ], [ 732363.058062048512511, 1007161.478785083745606 ], [ 732622.415983194718137, 1007937.431619684793986 ], [ 732268.825139933498576, 1008234.07439720723778 ], [ 732519.509979620343074, 1008611.695653669419698 ], [ 732665.462527493014932, 1009973.34812683518976 ], [ 732949.242780238389969, 1010329.043287315056659 ], [ 734337.042195693240501, 1009916.808140575769357 ], [ 736809.947821228415705, 1010086.386563392821699 ], [ 738135.308994388673455, 1009098.584489893633872 ], [ 739399.427499817917123, 1009161.506905416259542 ], [ 739507.176888608140871, 1009527.263921388308518 ], [ 739104.213890839018859, 1010708.663271468016319 ], [ 739200.161764266667888, 1011207.114969173911959 ], [ 739551.724264250486158, 1011253.494827142683789 ], [ 740016.919698796700686, 1010692.052227513049729 ], [ 740556.408064849791117, 1010573.619706654688343 ], [ 741023.037870188825764, 1009779.849362309207208 ], [ 740937.494788237963803, 1009381.027618513675407 ], [ 740532.010070634074509, 1009157.289644725155085 ], [ 740610.6536962359678, 1008881.168197854305618 ], [ 741312.478893026011065, 1009195.218389185611159 ], [ 742302.673385898233391, 1009101.67405007709749 ], [ 742107.04873601521831, 1008724.303736052941531 ], [ 742273.60183854738716, 1008459.782674501650035 ], [ 741982.041512035531923, 1007583.948811199748889 ], [ 742325.879937272286043, 1007099.225712098996155 ], [ 742939.360548723256215, 1007479.146071244380437 ], [ 743318.529962243861519, 1008410.848845509812236 ], [ 744319.143948930781335, 1008416.990112706436776 ], [ 744551.758164539933205, 1008141.816739073954523 ], [ 744502.154276937711984, 1007267.441321150865406 ], [ 744832.787355717853643, 1007147.769094425020739 ], [ 745150.108239840599708, 1007404.200604893849231 ], [ 745479.855750280199572, 1007428.363255535252392 ], [ 745949.285147013608366, 1006203.129485618905164 ], [ 745874.700431770994328, 1005815.419589482131414 ], [ 744853.242550731520168, 1005609.97179874079302 ], [ 744833.492706070886925, 1005244.732190248789266 ], [ 745263.862367980531417, 1005003.965650454629213 ], [ 745768.419625029084273, 1005217.293964913231321 ], [ 746145.794145489810035, 1004655.344775368692353 ], [ 749766.138248902745545, 988368.814132653875276 ], [ 752496.719730574521236, 977376.457885385374539 ], [ 752863.318725168937817, 975033.025877202046104 ], [ 754836.051596297649667, 969258.371150039602071 ], [ 755303.949906634399667, 968353.950506599503569 ], [ 755876.862136511830613, 962913.638739960966632 ], [ 757957.701606127433479, 953975.02116642461624 ], [ 757791.44488275796175, 954151.038050452363677 ], [ 757637.21837965794839, 954161.157056630472653 ], [ 757716.468564622336999, 953807.569397896644659 ], [ 757859.14205882512033, 953885.897933638538234 ], [ 758025.535677238833159, 953687.752174168941565 ], [ 758217.34967334009707, 952936.521156893693842 ], [ 758658.293832734925672, 952861.775284951901995 ], [ 759465.358135607209988, 952346.692447197856382 ], [ 759883.94858960993588, 952327.144089219393209 ], [ 760340.63661792781204, 951489.026909327716567 ], [ 760494.260567321558483, 951578.496078658034094 ], [ 760393.372869224753231, 951865.56206361821387 ], [ 760534.614195887348615, 952176.255133162601851 ], [ 761041.717946485616267, 952090.875130664557219 ], [ 761320.246582488529384, 951572.545033483183943 ], [ 760638.514121823129244, 951402.348077640519477 ], [ 760695.286084455554374, 951126.074169807834551 ], [ 762326.841063889209181, 950859.566295634256676 ], [ 762994.420743395457976, 949768.272882731398568 ], [ 778468.896789143327624, 932913.947740984731354 ], [ 778139.420032168505713, 932745.822086850530468 ], [ 777932.501959780696779, 932368.233767425641418 ], [ 777722.722856787382625, 932433.276205916306935 ], [ 777698.614240730646998, 932754.039705066825263 ], [ 777280.345988085842691, 932684.944065460003912 ], [ 776898.55083825183101, 932084.914233427494764 ], [ 776770.099829748272896, 931497.584679809981026 ], [ 775800.9630094722379, 931413.905020581209101 ], [ 775840.535048392484896, 930396.084288805141114 ], [ 775300.473373643122613, 930414.764577690511942 ], [ 774818.257873196620494, 930002.248452385771088 ], [ 774865.787210250971839, 929460.320141188800335 ], [ 775088.070660267490894, 929162.955482503166422 ], [ 774424.255130188306794, 929579.235507384873927 ], [ 774138.958707983372733, 929389.302199112251401 ], [ 773817.514411916257814, 929686.040094405645505 ], [ 772936.640255636768416, 929580.867151849088259 ], [ 772844.393000490381382, 928484.771285147289746 ], [ 773188.36277758621145, 928110.707416522316635 ], [ 773162.782761261216365, 926926.505245361826383 ], [ 773015.137250335421413, 925874.324371173861437 ], [ 772388.75184271344915, 925593.738880538847297 ], [ 772096.217589563922957, 924795.170682418975048 ], [ 772224.168429897865281, 923722.599584466777742 ], [ 771954.479865910485387, 922791.392647383618169 ], [ 772159.978121370309964, 921652.912142992485315 ], [ 771875.877954168128781, 919493.332601118367165 ], [ 770937.079326396342367, 919808.395295512746088 ], [ 770260.951301786350086, 920423.870948479743674 ], [ 770270.599901030538604, 920645.241591235855594 ], [ 770071.812936668284237, 920710.40235373575706 ], [ 770016.267384427133948, 922558.001269765198231 ], [ 769024.848410291364416, 922485.464014155906625 ], [ 768557.416221515042707, 923223.95852186717093 ], [ 767550.229575897101313, 923925.928276641527191 ], [ 767779.462304595857859, 924281.433289269101806 ], [ 767219.953369376598857, 925661.152084724861197 ], [ 766127.816209790995345, 925853.606584111927077 ], [ 765915.258236491354182, 926372.36810679663904 ], [ 765920.759059878066182, 925476.117078266106546 ], [ 766143.115495404694229, 925156.589252180187032 ], [ 766004.883622147841379, 924336.912979227490723 ], [ 766138.204610938904807, 924160.6862740481738 ], [ 765808.495416717836633, 924014.818205152754672 ], [ 766030.312911523273215, 923783.806718946434557 ], [ 765755.83464736607857, 923616.147890545427799 ], [ 765735.148770736064762, 923394.716983033111319 ], [ 765438.08655123016797, 923315.444690247881226 ], [ 765616.365296258591115, 922995.643170628580265 ], [ 765286.375416223192587, 922894.041234486037865 ], [ 765475.741246174904518, 922563.241474001901224 ], [ 765837.305469844839536, 922908.472116361488588 ], [ 765773.755760337458923, 922487.60532274551224 ], [ 765586.68490658083465, 922442.201698906603269 ], [ 765491.69039832719136, 921755.579828028683551 ], [ 765615.140911094611511, 921391.181492711184546 ], [ 764797.75350085424725, 921696.026803825516254 ], [ 764335.779104779707268, 921549.372506852494553 ], [ 763962.635328331962228, 921292.611700820270926 ], [ 763999.116010793484747, 920728.514009668491781 ], [ 763264.961507521336898, 920026.976074782432988 ], [ 762416.450704426155426, 920010.796764606260695 ], [ 761989.976074647973292, 919454.986450606607832 ], [ 761481.770802453509532, 919662.170815917430446 ], [ 761055.216032527736388, 919117.438495092676021 ], [ 760460.435534869320691, 919058.56139795249328 ], [ 760225.903061418328434, 919577.207784405210987 ], [ 759996.188646758091636, 919288.154120810329914 ], [ 759796.37110809283331, 919530.388869589776732 ], [ 759598.399127683136612, 919462.822030724026263 ], [ 759257.818949930602685, 919283.761566900182515 ], [ 759282.948394631617703, 918763.86903862352483 ], [ 759118.165430826833472, 918674.373271488700993 ], [ 759405.686020925058983, 918510.10928434622474 ], [ 758890.077850611880422, 918108.721477283863351 ], [ 758847.895386001677252, 917787.595807834295556 ], [ 758319.553249764954671, 917673.824072711286135 ], [ 758285.510413315962069, 917839.592549974564463 ], [ 758120.330462608486414, 917816.4875817312859 ], [ 758141.261002940591425, 918004.709905587602407 ], [ 757379.794492466375232, 918177.252078681020066 ], [ 757112.761477559804916, 918607.197798774344847 ], [ 756606.277178314863704, 918526.767379867378622 ], [ 756508.522688101162203, 918282.773833062849008 ], [ 756167.601806479389779, 918159.064182312577032 ], [ 756159.110298855928704, 917727.49934445368126 ], [ 755927.807559130247682, 917704.015690878964961 ], [ 756028.612472784006968, 917427.993996436125599 ], [ 755712.441414068918675, 916839.728111229720525 ], [ 754368.682888340204954, 916699.124138156068511 ], [ 754057.745187541935593, 915203.633786899154074 ], [ 753594.860391338705085, 915200.953673613374121 ], [ 752919.321251543355174, 915761.327550889109261 ], [ 752444.595991893438622, 915902.424341819132678 ], [ 752116.009758152533323, 915546.477867965586483 ], [ 752043.888392008491792, 914671.992689592763782 ], [ 751065.294685266911983, 914268.072666152380407 ], [ 750554.877817897358909, 912937.467240543221124 ], [ 750357.311817018198781, 912792.508676023106091 ], [ 749468.561897584819235, 914026.622632800368592 ], [ 748948.941063100937754, 914311.335488302865997 ], [ 748320.309475690242834, 914385.221011179732159 ], [ 748008.784707077080384, 914903.462209253688343 ], [ 748678.187494965270162, 917352.386379011906683 ], [ 748929.384088515187614, 917752.1186048212694 ], [ 749974.524041471187957, 918067.876055591157638 ], [ 750670.376915319357067, 917795.259625418693759 ], [ 750867.597523656673729, 917995.545080831507221 ], [ 751100.673543225973845, 917709.216261670109816 ], [ 751935.727239321335219, 918145.523998436867259 ], [ 751414.849786634091288, 918651.475003814673983 ], [ 751468.357012293185107, 918928.387088842689991 ], [ 752009.485616557416506, 918732.351750361267477 ], [ 752448.497026940109208, 919044.685979344882071 ], [ 752469.065074924146757, 919299.282291481620632 ], [ 751432.365253641968593, 919437.131155575742014 ], [ 751352.931510399794206, 919834.983150625252165 ], [ 751537.90553022257518, 920245.423933541285805 ], [ 750982.655185224954039, 920983.520842465688474 ], [ 751025.7125906040892, 921160.795223910710774 ], [ 751785.922958417097107, 921187.312109619379044 ], [ 752090.622792409150861, 921852.927975991275162 ], [ 752375.840573761612177, 922075.865964212687686 ], [ 752936.214018028462306, 922355.727258565486409 ], [ 754367.486578076845035, 922574.297661593533121 ], [ 754717.379950297879986, 923041.051166676916182 ], [ 755149.335276176454499, 922667.393844996462576 ], [ 755499.025838371831924, 923167.348424774827436 ], [ 756195.648025120841339, 922762.062663180287927 ], [ 756699.989181110169739, 923196.555288675241172 ], [ 757141.348887821193784, 923099.583517899736762 ], [ 758184.964206823846325, 923647.939531618263572 ], [ 758335.810396561631933, 924224.199735313071869 ], [ 758754.536783666815609, 924226.693881765240803 ], [ 759071.713932377286255, 924626.916252454859205 ], [ 759545.732376904808916, 924596.555020411266014 ], [ 760070.668932180386037, 925263.586887188255787 ], [ 760643.655859140097164, 925267.027702281018719 ], [ 760718.659333042101935, 925621.554147994145751 ], [ 761192.67340517800767, 925591.213597576948814 ], [ 761956.860556913074106, 924954.058664954965934 ], [ 762320.560586912673898, 924945.191909051616676 ], [ 762480.95829689479433, 925753.906389228999615 ], [ 763041.45082024380099, 926000.735733902780339 ], [ 762995.023427996318787, 926387.729900646256283 ], [ 763345.205129345995374, 926788.200145090464503 ], [ 763220.161688143387437, 927418.147478414932266 ], [ 763788.60890278336592, 928162.971900880453177 ], [ 764558.075848792097531, 928466.434371226350777 ], [ 763980.65306779218372, 929193.200240234029479 ], [ 764441.657258939463645, 929483.715620893519372 ], [ 764484.441537498729303, 929694.215802317485213 ], [ 764351.545903224498034, 929804.052882643183693 ], [ 763889.395128254429437, 929701.637537039117888 ], [ 763745.145263583632186, 929866.732112748548388 ], [ 763787.255031214561313, 930187.877748027676716 ], [ 764170.647230245405808, 930555.374224129947834 ], [ 763790.348441801266745, 931482.514986026799306 ], [ 763810.146421998506412, 931847.78522046667058 ], [ 763576.270805564010516, 932255.761423569871113 ], [ 763056.625938177574426, 932551.338171283248812 ], [ 762072.997736704768613, 934857.919553464162163 ], [ 761962.69616579497233, 934879.375960884615779 ], [ 761889.765520218061283, 934192.901066485908814 ], [ 761614.817476293770596, 934113.770102739101276 ], [ 761870.093306169612333, 933805.506425799219869 ], [ 761507.209415572811849, 933692.646033766912296 ], [ 761475.842054489883594, 933415.831133031402715 ], [ 761233.872298736358061, 933347.969858686905354 ], [ 760993.78314367798157, 932970.303787444252521 ], [ 760750.736979296081699, 933079.478077890933491 ], [ 760454.819566959049553, 932823.19190809619613 ], [ 760402.145929256337695, 932424.537380541441962 ], [ 760027.763734832638875, 932389.078251915285364 ], [ 759832.795680166571401, 931834.658695325953886 ], [ 760109.765069610089995, 931581.839881524676457 ], [ 759845.549196580890566, 931547.050106938462704 ], [ 759761.213737392681651, 930915.846465636976063 ], [ 758449.606192811974324, 930996.477303230785765 ], [ 758241.933717472595163, 930718.614347101538442 ], [ 758076.2084207884036, 930795.074528074357659 ], [ 758099.369631443172693, 930607.113374702283181 ], [ 757747.406797857722268, 930505.425254070665687 ], [ 756282.771797934779897, 932233.830608842894435 ], [ 755709.038429924286902, 932374.256043932517059 ], [ 755644.712312803603709, 932075.131437424803153 ], [ 755413.948341284296475, 931974.180595081415959 ], [ 753664.147253997856751, 933512.846847020788118 ], [ 753085.099256524466909, 932690.670113420230336 ], [ 752676.901414052234031, 932787.848697015317157 ], [ 752403.241772137582302, 932487.505353261949494 ], [ 751882.611920635215938, 932971.281199636869133 ], [ 750312.486596223898232, 932065.914241206482984 ], [ 749904.939203372457996, 932052.481486840406433 ], [ 747805.509430296951905, 931221.606980870477855 ], [ 747386.498249649535865, 931285.582041160436347 ], [ 746600.523217215551995, 931944.908174965996295 ], [ 745719.093282694346271, 931961.994516658596694 ], [ 744613.633672687923536, 932630.586511026252992 ], [ 744073.096277464996092, 932760.280100089148618 ], [ 742910.344879689742811, 931879.668179341242649 ], [ 741941.739705582265742, 931730.386132861953229 ], [ 741245.186187825049274, 932180.081592428148724 ], [ 740080.589483430492692, 931620.395181465544738 ], [ 739840.39481990924105, 931231.83636003441643 ], [ 739167.92509752465412, 931316.604053880902939 ], [ 738873.376714513171464, 930794.991221520118415 ], [ 738443.687860432546586, 930803.674756139749661 ], [ 737979.913371256552637, 931000.250416056718677 ], [ 738066.757396631059237, 931233.059740418684669 ], [ 737383.282500767149031, 931317.793488159659319 ], [ 736415.603465636027977, 933005.141098496038467 ], [ 735963.973396814893931, 933002.659668421722017 ], [ 735301.054740575724281, 933364.109504953958094 ], [ 733088.869722885545343, 933009.100028379354626 ], [ 732316.673572831437923, 933215.11576878989581 ], [ 732258.189306423300877, 933845.387326744152233 ], [ 732692.188235181733035, 935064.663780397153459 ], [ 731896.864336203667335, 935480.747590810526162 ], [ 731693.400001822272316, 936442.121374256908894 ], [ 732074.999186331522651, 937163.279116049641743 ], [ 732169.141447606962174, 938082.015277513535693 ], [ 732618.058759315055795, 938571.227200105786324 ], [ 733434.530288095586002, 940323.641933262930252 ], [ 732638.374577581416816, 940905.630808503599837 ], [ 732359.246059989207424, 941601.076522722723894 ], [ 731973.011276677367277, 941742.789596657152288 ], [ 731759.611060109804384, 942504.971563055529259 ], [ 730734.058743670932017, 942753.844146239687689 ], [ 730128.970310088479891, 942639.937617683783174 ], [ 729920.988370499573648, 942406.493396181846038 ], [ 729292.55891309317667, 942535.855986081180163 ], [ 729196.306383478688076, 942004.323362881084904 ], [ 728711.276892905938439, 942090.216790799982846 ], [ 728338.333824348985218, 941811.646180468145758 ], [ 727996.054864038014784, 941975.752682602033019 ], [ 727403.033083135727793, 941662.825890011503361 ], [ 727116.175157346297055, 941760.858945230720565 ], [ 727150.746881461353041, 941473.414266986423172 ], [ 726709.889492106391117, 941537.441246798378415 ], [ 726336.461715667508543, 941347.390853209071793 ], [ 726502.474150776048191, 941193.396623349981382 ], [ 726471.3174663168611, 940839.22745078150183 ], [ 726801.641031043487601, 940852.04649991588667 ], [ 727235.265643795835786, 940079.970162186655216 ], [ 726853.751661412417889, 939336.743490138673224 ], [ 726633.958585208049044, 939247.075240181642585 ], [ 726466.131459514028393, 937664.233410268207081 ], [ 724068.899486221605912, 936943.610980644938536 ], [ 722813.644398421165533, 938994.657942797639407 ], [ 722548.871644485974684, 939081.776209852891043 ], [ 721933.297056301031262, 938857.326252785744146 ], [ 720805.858195132226683, 939647.964879754697904 ], [ 721006.326714077964425, 941341.529263437492773 ], [ 720141.822931754402816, 942410.088281426811591 ], [ 719818.188751880778, 943238.080517601920292 ], [ 719408.528735745698214, 943667.389402568456717 ], [ 719139.228174051269889, 944639.470767988241278 ], [ 718366.047515851561911, 945100.095568850170821 ], [ 718177.265132960164919, 945408.8636502987938 ] ] ] ] } }
]
}
